ISO-10303-21;
HEADER;
FILE_DESCRIPTION(('Open CASCADE Model'),'2;1');
FILE_NAME('assembly','2026-04-30T01:39:32',('Author'),('Open CASCADE'),
  'Open CASCADE STEP processor 7.8','build123d','Unknown');
FILE_SCHEMA(('AUTOMOTIVE_DESIGN { 1 0 10303 214 1 1 1 1 }'));
ENDSEC;
DATA;
#1 = APPLICATION_PROTOCOL_DEFINITION('international standard',
  'automotive_design',2000,#2);
#2 = APPLICATION_CONTEXT(
  'core data for automotive mechanical design processes');
#3 = SHAPE_DEFINITION_REPRESENTATION(#4,#10);
#4 = PRODUCT_DEFINITION_SHAPE('','',#5);
#5 = PRODUCT_DEFINITION('design','',#6,#9);
#6 = PRODUCT_DEFINITION_FORMATION('','',#7);
#7 = PRODUCT('assembly','assembly','',(#8));
#8 = PRODUCT_CONTEXT('',#2,'mechanical');
#9 = PRODUCT_DEFINITION_CONTEXT('part definition',#2,'design');
#10 = SHAPE_REPRESENTATION('',(#11,#15,#19,#23,#27,#31,#35,#39,#43,#47,
    #51,#55,#59,#63,#67,#71,#75,#79,#83),#87);
#11 = AXIS2_PLACEMENT_3D('',#12,#13,#14);
#12 = CARTESIAN_POINT('',(0.,0.,0.));
#13 = DIRECTION('',(0.,0.,1.));
#14 = DIRECTION('',(1.,0.,-0.));
#15 = AXIS2_PLACEMENT_3D('',#16,#17,#18);
#16 = CARTESIAN_POINT('',(0.,0.,0.));
#17 = DIRECTION('',(0.,0.,1.));
#18 = DIRECTION('',(1.,0.,-0.));
#19 = AXIS2_PLACEMENT_3D('',#20,#21,#22);
#20 = CARTESIAN_POINT('',(0.,0.,0.));
#21 = DIRECTION('',(0.,0.,1.));
#22 = DIRECTION('',(1.,0.,-0.));
#23 = AXIS2_PLACEMENT_3D('',#24,#25,#26);
#24 = CARTESIAN_POINT('',(0.,0.,0.));
#25 = DIRECTION('',(0.,0.,1.));
#26 = DIRECTION('',(1.,0.,-0.));
#27 = AXIS2_PLACEMENT_3D('',#28,#29,#30);
#28 = CARTESIAN_POINT('',(0.,0.,0.));
#29 = DIRECTION('',(0.,0.,1.));
#30 = DIRECTION('',(1.,0.,-0.));
#31 = AXIS2_PLACEMENT_3D('',#32,#33,#34);
#32 = CARTESIAN_POINT('',(0.,0.,0.));
#33 = DIRECTION('',(0.,0.,1.));
#34 = DIRECTION('',(1.,0.,-0.));
#35 = AXIS2_PLACEMENT_3D('',#36,#37,#38);
#36 = CARTESIAN_POINT('',(0.,0.,0.));
#37 = DIRECTION('',(0.,0.,1.));
#38 = DIRECTION('',(1.,0.,-0.));
#39 = AXIS2_PLACEMENT_3D('',#40,#41,#42);
#40 = CARTESIAN_POINT('',(0.,0.,0.));
#41 = DIRECTION('',(0.,0.,1.));
#42 = DIRECTION('',(1.,0.,-0.));
#43 = AXIS2_PLACEMENT_3D('',#44,#45,#46);
#44 = CARTESIAN_POINT('',(0.,0.,0.));
#45 = DIRECTION('',(0.,0.,1.));
#46 = DIRECTION('',(1.,0.,-0.));
#47 = AXIS2_PLACEMENT_3D('',#48,#49,#50);
#48 = CARTESIAN_POINT('',(0.,0.,0.));
#49 = DIRECTION('',(0.,0.,1.));
#50 = DIRECTION('',(1.,0.,-0.));
#51 = AXIS2_PLACEMENT_3D('',#52,#53,#54);
#52 = CARTESIAN_POINT('',(0.,0.,0.));
#53 = DIRECTION('',(0.,0.,1.));
#54 = DIRECTION('',(1.,0.,-0.));
#55 = AXIS2_PLACEMENT_3D('',#56,#57,#58);
#56 = CARTESIAN_POINT('',(0.,0.,0.));
#57 = DIRECTION('',(0.,0.,1.));
#58 = DIRECTION('',(1.,0.,-0.));
#59 = AXIS2_PLACEMENT_3D('',#60,#61,#62);
#60 = CARTESIAN_POINT('',(0.,0.,0.));
#61 = DIRECTION('',(0.,0.,1.));
#62 = DIRECTION('',(1.,0.,-0.));
#63 = AXIS2_PLACEMENT_3D('',#64,#65,#66);
#64 = CARTESIAN_POINT('',(0.,0.,0.));
#65 = DIRECTION('',(0.,0.,1.));
#66 = DIRECTION('',(1.,0.,-0.));
#67 = AXIS2_PLACEMENT_3D('',#68,#69,#70);
#68 = CARTESIAN_POINT('',(0.,0.,0.));
#69 = DIRECTION('',(0.,0.,1.));
#70 = DIRECTION('',(1.,0.,-0.));
#71 = AXIS2_PLACEMENT_3D('',#72,#73,#74);
#72 = CARTESIAN_POINT('',(0.,0.,0.));
#73 = DIRECTION('',(0.,0.,1.));
#74 = DIRECTION('',(1.,0.,-0.));
#75 = AXIS2_PLACEMENT_3D('',#76,#77,#78);
#76 = CARTESIAN_POINT('',(0.,0.,0.));
#77 = DIRECTION('',(0.,0.,1.));
#78 = DIRECTION('',(1.,0.,-0.));
#79 = AXIS2_PLACEMENT_3D('',#80,#81,#82);
#80 = CARTESIAN_POINT('',(0.,0.,0.));
#81 = DIRECTION('',(0.,0.,1.));
#82 = DIRECTION('',(1.,0.,-0.));
#83 = AXIS2_PLACEMENT_3D('',#84,#85,#86);
#84 = CARTESIAN_POINT('',(0.,0.,0.));
#85 = DIRECTION('',(0.,0.,1.));
#86 = DIRECTION('',(1.,0.,-0.));
#87 = ( GEOMETRIC_REPRESENTATION_CONTEXT(3) 
GLOBAL_UNCERTAINTY_ASSIGNED_CONTEXT((#91)) GLOBAL_UNIT_ASSIGNED_CONTEXT(
(#88,#89,#90)) REPRESENTATION_CONTEXT('Context #1',
  '3D Context with UNIT and UNCERTAINTY') );
#88 = ( LENGTH_UNIT() NAMED_UNIT(*) SI_UNIT(.MILLI.,.METRE.) );
#89 = ( NAMED_UNIT(*) PLANE_ANGLE_UNIT() SI_UNIT($,.RADIAN.) );
#90 = ( NAMED_UNIT(*) SI_UNIT($,.STERADIAN.) SOLID_ANGLE_UNIT() );
#91 = UNCERTAINTY_MEASURE_WITH_UNIT(LENGTH_MEASURE(1.E-07),#88,
  'distance_accuracy_value','confusion accuracy');
#92 = PRODUCT_RELATED_PRODUCT_CATEGORY('part',$,(#7));
#93 = SHAPE_DEFINITION_REPRESENTATION(#94,#100);
#94 = PRODUCT_DEFINITION_SHAPE('','',#95);
#95 = PRODUCT_DEFINITION('design','',#96,#99);
#96 = PRODUCT_DEFINITION_FORMATION('','',#97);
#97 = PRODUCT('upper_arm','upper_arm','',(#98));
#98 = PRODUCT_CONTEXT('',#2,'mechanical');
#99 = PRODUCT_DEFINITION_CONTEXT('part definition',#2,'design');
#100 = ADVANCED_BREP_SHAPE_REPRESENTATION('',(#11,#101),#607);
#101 = MANIFOLD_SOLID_BREP('',#102);
#102 = CLOSED_SHELL('',(#103,#287,#368,#417,#466,#494,#544,#594));
#103 = ADVANCED_FACE('',(#104,#225,#256),#119,.T.);
#104 = FACE_BOUND('',#105,.T.);
#105 = EDGE_LOOP('',(#106,#142,#170,#199));
#106 = ORIENTED_EDGE('',*,*,#107,.T.);
#107 = EDGE_CURVE('',#108,#110,#112,.T.);
#108 = VERTEX_POINT('',#109);
#109 = CARTESIAN_POINT('',(-30.,-5.,-76.));
#110 = VERTEX_POINT('',#111);
#111 = CARTESIAN_POINT('',(-30.,5.,-76.));
#112 = SURFACE_CURVE('',#113,(#118,#130),.PCURVE_S1.);
#113 = CIRCLE('',#114,5.);
#114 = AXIS2_PLACEMENT_3D('',#115,#116,#117);
#115 = CARTESIAN_POINT('',(-30.,0.,-76.));
#116 = DIRECTION('',(0.,0.,1.));
#117 = DIRECTION('',(0.,-1.,0.));
#118 = PCURVE('',#119,#124);
#119 = PLANE('',#120);
#120 = AXIS2_PLACEMENT_3D('',#121,#122,#123);
#121 = CARTESIAN_POINT('',(-90.,-5.,-76.));
#122 = DIRECTION('',(0.,0.,1.));
#123 = DIRECTION('',(1.,0.,0.));
#124 = DEFINITIONAL_REPRESENTATION('',(#125),#129);
#125 = CIRCLE('',#126,5.);
#126 = AXIS2_PLACEMENT_2D('',#127,#128);
#127 = CARTESIAN_POINT('',(60.,5.));
#128 = DIRECTION('',(0.,-1.));
#129 = ( GEOMETRIC_REPRESENTATION_CONTEXT(2) 
PARAMETRIC_REPRESENTATION_CONTEXT() REPRESENTATION_CONTEXT('2D SPACE',''
  ) );
#130 = PCURVE('',#131,#136);
#131 = CYLINDRICAL_SURFACE('',#132,5.);
#132 = AXIS2_PLACEMENT_3D('',#133,#134,#135);
#133 = CARTESIAN_POINT('',(-30.,0.,-84.));
#134 = DIRECTION('',(0.,0.,1.));
#135 = DIRECTION('',(1.,0.,0.));
#136 = DEFINITIONAL_REPRESENTATION('',(#137),#141);
#137 = LINE('',#138,#139);
#138 = CARTESIAN_POINT('',(4.712388980385,8.));
#139 = VECTOR('',#140,1.);
#140 = DIRECTION('',(1.,0.));
#141 = ( GEOMETRIC_REPRESENTATION_CONTEXT(2) 
PARAMETRIC_REPRESENTATION_CONTEXT() REPRESENTATION_CONTEXT('2D SPACE',''
  ) );
#142 = ORIENTED_EDGE('',*,*,#143,.F.);
#143 = EDGE_CURVE('',#144,#110,#146,.T.);
#144 = VERTEX_POINT('',#145);
#145 = CARTESIAN_POINT('',(-90.,5.,-76.));
#146 = SURFACE_CURVE('',#147,(#151,#158),.PCURVE_S1.);
#147 = LINE('',#148,#149);
#148 = CARTESIAN_POINT('',(-90.,5.,-76.));
#149 = VECTOR('',#150,1.);
#150 = DIRECTION('',(1.,0.,0.));
#151 = PCURVE('',#119,#152);
#152 = DEFINITIONAL_REPRESENTATION('',(#153),#157);
#153 = LINE('',#154,#155);
#154 = CARTESIAN_POINT('',(0.,10.));
#155 = VECTOR('',#156,1.);
#156 = DIRECTION('',(1.,0.));
#157 = ( GEOMETRIC_REPRESENTATION_CONTEXT(2) 
PARAMETRIC_REPRESENTATION_CONTEXT() REPRESENTATION_CONTEXT('2D SPACE',''
  ) );
#158 = PCURVE('',#159,#164);
#159 = PLANE('',#160);
#160 = AXIS2_PLACEMENT_3D('',#161,#162,#163);
#161 = CARTESIAN_POINT('',(-90.,5.,-84.));
#162 = DIRECTION('',(0.,1.,0.));
#163 = DIRECTION('',(0.,0.,1.));
#164 = DEFINITIONAL_REPRESENTATION('',(#165),#169);
#165 = LINE('',#166,#167);
#166 = CARTESIAN_POINT('',(8.,0.));
#167 = VECTOR('',#168,1.);
#168 = DIRECTION('',(0.,1.));
#169 = ( GEOMETRIC_REPRESENTATION_CONTEXT(2) 
PARAMETRIC_REPRESENTATION_CONTEXT() REPRESENTATION_CONTEXT('2D SPACE',''
  ) );
#170 = ORIENTED_EDGE('',*,*,#171,.T.);
#171 = EDGE_CURVE('',#144,#172,#174,.T.);
#172 = VERTEX_POINT('',#173);
#173 = CARTESIAN_POINT('',(-90.,-5.,-76.));
#174 = SURFACE_CURVE('',#175,(#180,#187),.PCURVE_S1.);
#175 = CIRCLE('',#176,5.);
#176 = AXIS2_PLACEMENT_3D('',#177,#178,#179);
#177 = CARTESIAN_POINT('',(-90.,0.,-76.));
#178 = DIRECTION('',(0.,0.,1.));
#179 = DIRECTION('',(1.,0.,0.));
#180 = PCURVE('',#119,#181);
#181 = DEFINITIONAL_REPRESENTATION('',(#182),#186);
#182 = CIRCLE('',#183,5.);
#183 = AXIS2_PLACEMENT_2D('',#184,#185);
#184 = CARTESIAN_POINT('',(0.,5.));
#185 = DIRECTION('',(1.,0.));
#186 = ( GEOMETRIC_REPRESENTATION_CONTEXT(2) 
PARAMETRIC_REPRESENTATION_CONTEXT() REPRESENTATION_CONTEXT('2D SPACE',''
  ) );
#187 = PCURVE('',#188,#193);
#188 = CYLINDRICAL_SURFACE('',#189,5.);
#189 = AXIS2_PLACEMENT_3D('',#190,#191,#192);
#190 = CARTESIAN_POINT('',(-90.,0.,-84.));
#191 = DIRECTION('',(0.,0.,1.));
#192 = DIRECTION('',(1.,0.,0.));
#193 = DEFINITIONAL_REPRESENTATION('',(#194),#198);
#194 = LINE('',#195,#196);
#195 = CARTESIAN_POINT('',(0.,8.));
#196 = VECTOR('',#197,1.);
#197 = DIRECTION('',(1.,0.));
#198 = ( GEOMETRIC_REPRESENTATION_CONTEXT(2) 
PARAMETRIC_REPRESENTATION_CONTEXT() REPRESENTATION_CONTEXT('2D SPACE',''
  ) );
#199 = ORIENTED_EDGE('',*,*,#200,.T.);
#200 = EDGE_CURVE('',#172,#108,#201,.T.);
#201 = SURFACE_CURVE('',#202,(#206,#213),.PCURVE_S1.);
#202 = LINE('',#203,#204);
#203 = CARTESIAN_POINT('',(-90.,-5.,-76.));
#204 = VECTOR('',#205,1.);
#205 = DIRECTION('',(1.,0.,0.));
#206 = PCURVE('',#119,#207);
#207 = DEFINITIONAL_REPRESENTATION('',(#208),#212);
#208 = LINE('',#209,#210);
#209 = CARTESIAN_POINT('',(0.,0.));
#210 = VECTOR('',#211,1.);
#211 = DIRECTION('',(1.,0.));
#212 = ( GEOMETRIC_REPRESENTATION_CONTEXT(2) 
PARAMETRIC_REPRESENTATION_CONTEXT() REPRESENTATION_CONTEXT('2D SPACE',''
  ) );
#213 = PCURVE('',#214,#219);
#214 = PLANE('',#215);
#215 = AXIS2_PLACEMENT_3D('',#216,#217,#218);
#216 = CARTESIAN_POINT('',(-90.,-5.,-84.));
#217 = DIRECTION('',(0.,1.,0.));
#218 = DIRECTION('',(0.,0.,1.));
#219 = DEFINITIONAL_REPRESENTATION('',(#220),#224);
#220 = LINE('',#221,#222);
#221 = CARTESIAN_POINT('',(8.,0.));
#222 = VECTOR('',#223,1.);
#223 = DIRECTION('',(0.,1.));
#224 = ( GEOMETRIC_REPRESENTATION_CONTEXT(2) 
PARAMETRIC_REPRESENTATION_CONTEXT() REPRESENTATION_CONTEXT('2D SPACE',''
  ) );
#225 = FACE_BOUND('',#226,.T.);
#226 = EDGE_LOOP('',(#227));
#227 = ORIENTED_EDGE('',*,*,#228,.F.);
#228 = EDGE_CURVE('',#229,#229,#231,.T.);
#229 = VERTEX_POINT('',#230);
#230 = CARTESIAN_POINT('',(-88.,-4.898587196589E-16,-76.));
#231 = SURFACE_CURVE('',#232,(#237,#244),.PCURVE_S1.);
#232 = CIRCLE('',#233,2.);
#233 = AXIS2_PLACEMENT_3D('',#234,#235,#236);
#234 = CARTESIAN_POINT('',(-90.,0.,-76.));
#235 = DIRECTION('',(0.,0.,1.));
#236 = DIRECTION('',(1.,0.,-0.));
#237 = PCURVE('',#119,#238);
#238 = DEFINITIONAL_REPRESENTATION('',(#239),#243);
#239 = CIRCLE('',#240,2.);
#240 = AXIS2_PLACEMENT_2D('',#241,#242);
#241 = CARTESIAN_POINT('',(0.,5.));
#242 = DIRECTION('',(1.,0.));
#243 = ( GEOMETRIC_REPRESENTATION_CONTEXT(2) 
PARAMETRIC_REPRESENTATION_CONTEXT() REPRESENTATION_CONTEXT('2D SPACE',''
  ) );
#244 = PCURVE('',#245,#250);
#245 = CYLINDRICAL_SURFACE('',#246,2.);
#246 = AXIS2_PLACEMENT_3D('',#247,#248,#249);
#247 = CARTESIAN_POINT('',(-90.,0.,-85.));
#248 = DIRECTION('',(0.,0.,1.));
#249 = DIRECTION('',(1.,0.,0.));
#250 = DEFINITIONAL_REPRESENTATION('',(#251),#255);
#251 = LINE('',#252,#253);
#252 = CARTESIAN_POINT('',(0.,9.));
#253 = VECTOR('',#254,1.);
#254 = DIRECTION('',(1.,0.));
#255 = ( GEOMETRIC_REPRESENTATION_CONTEXT(2) 
PARAMETRIC_REPRESENTATION_CONTEXT() REPRESENTATION_CONTEXT('2D SPACE',''
  ) );
#256 = FACE_BOUND('',#257,.T.);
#257 = EDGE_LOOP('',(#258));
#258 = ORIENTED_EDGE('',*,*,#259,.F.);
#259 = EDGE_CURVE('',#260,#260,#262,.T.);
#260 = VERTEX_POINT('',#261);
#261 = CARTESIAN_POINT('',(-28.,-4.898587196589E-16,-76.));
#262 = SURFACE_CURVE('',#263,(#268,#275),.PCURVE_S1.);
#263 = CIRCLE('',#264,2.);
#264 = AXIS2_PLACEMENT_3D('',#265,#266,#267);
#265 = CARTESIAN_POINT('',(-30.,0.,-76.));
#266 = DIRECTION('',(0.,0.,1.));
#267 = DIRECTION('',(1.,0.,-0.));
#268 = PCURVE('',#119,#269);
#269 = DEFINITIONAL_REPRESENTATION('',(#270),#274);
#270 = CIRCLE('',#271,2.);
#271 = AXIS2_PLACEMENT_2D('',#272,#273);
#272 = CARTESIAN_POINT('',(60.,5.));
#273 = DIRECTION('',(1.,0.));
#274 = ( GEOMETRIC_REPRESENTATION_CONTEXT(2) 
PARAMETRIC_REPRESENTATION_CONTEXT() REPRESENTATION_CONTEXT('2D SPACE',''
  ) );
#275 = PCURVE('',#276,#281);
#276 = CYLINDRICAL_SURFACE('',#277,2.);
#277 = AXIS2_PLACEMENT_3D('',#278,#279,#280);
#278 = CARTESIAN_POINT('',(-30.,0.,-85.));
#279 = DIRECTION('',(0.,0.,1.));
#280 = DIRECTION('',(1.,0.,0.));
#281 = DEFINITIONAL_REPRESENTATION('',(#282),#286);
#282 = LINE('',#283,#284);
#283 = CARTESIAN_POINT('',(0.,9.));
#284 = VECTOR('',#285,1.);
#285 = DIRECTION('',(1.,0.));
#286 = ( GEOMETRIC_REPRESENTATION_CONTEXT(2) 
PARAMETRIC_REPRESENTATION_CONTEXT() REPRESENTATION_CONTEXT('2D SPACE',''
  ) );
#287 = ADVANCED_FACE('',(#288),#131,.T.);
#288 = FACE_BOUND('',#289,.T.);
#289 = EDGE_LOOP('',(#290,#325,#346,#347));
#290 = ORIENTED_EDGE('',*,*,#291,.F.);
#291 = EDGE_CURVE('',#292,#294,#296,.T.);
#292 = VERTEX_POINT('',#293);
#293 = CARTESIAN_POINT('',(-30.,5.,-84.));
#294 = VERTEX_POINT('',#295);
#295 = CARTESIAN_POINT('',(-30.,-5.,-84.));
#296 = SURFACE_CURVE('',#297,(#302,#309),.PCURVE_S1.);
#297 = CIRCLE('',#298,5.);
#298 = AXIS2_PLACEMENT_3D('',#299,#300,#301);
#299 = CARTESIAN_POINT('',(-30.,0.,-84.));
#300 = DIRECTION('',(0.,0.,-1.));
#301 = DIRECTION('',(0.,1.,0.));
#302 = PCURVE('',#131,#303);
#303 = DEFINITIONAL_REPRESENTATION('',(#304),#308);
#304 = LINE('',#305,#306);
#305 = CARTESIAN_POINT('',(7.853981633974,0.));
#306 = VECTOR('',#307,1.);
#307 = DIRECTION('',(-1.,-0.));
#308 = ( GEOMETRIC_REPRESENTATION_CONTEXT(2) 
PARAMETRIC_REPRESENTATION_CONTEXT() REPRESENTATION_CONTEXT('2D SPACE',''
  ) );
#309 = PCURVE('',#310,#315);
#310 = PLANE('',#311);
#311 = AXIS2_PLACEMENT_3D('',#312,#313,#314);
#312 = CARTESIAN_POINT('',(-90.,-5.,-84.));
#313 = DIRECTION('',(0.,0.,1.));
#314 = DIRECTION('',(1.,0.,0.));
#315 = DEFINITIONAL_REPRESENTATION('',(#316),#324);
#316 = ( BOUNDED_CURVE() B_SPLINE_CURVE(2,(#317,#318,#319,#320,#321,#322
,#323),.UNSPECIFIED.,.T.,.F.) B_SPLINE_CURVE_WITH_KNOTS((1,2,2,2,2,1),(
    -2.094395102393,0.,2.094395102393,4.188790204786,6.28318530718,
8.377580409573),.UNSPECIFIED.) CURVE() GEOMETRIC_REPRESENTATION_ITEM() 
RATIONAL_B_SPLINE_CURVE((1.,0.5,1.,0.5,1.,0.5,1.)) REPRESENTATION_ITEM(
  '') );
#317 = CARTESIAN_POINT('',(60.,10.));
#318 = CARTESIAN_POINT('',(68.660254037844,10.));
#319 = CARTESIAN_POINT('',(64.330127018922,2.5));
#320 = CARTESIAN_POINT('',(60.,-5.));
#321 = CARTESIAN_POINT('',(55.669872981078,2.5));
#322 = CARTESIAN_POINT('',(51.339745962156,10.));
#323 = CARTESIAN_POINT('',(60.,10.));
#324 = ( GEOMETRIC_REPRESENTATION_CONTEXT(2) 
PARAMETRIC_REPRESENTATION_CONTEXT() REPRESENTATION_CONTEXT('2D SPACE',''
  ) );
#325 = ORIENTED_EDGE('',*,*,#326,.T.);
#326 = EDGE_CURVE('',#292,#110,#327,.T.);
#327 = SURFACE_CURVE('',#328,(#332,#339),.PCURVE_S1.);
#328 = LINE('',#329,#330);
#329 = CARTESIAN_POINT('',(-30.,5.,-84.));
#330 = VECTOR('',#331,1.);
#331 = DIRECTION('',(0.,0.,1.));
#332 = PCURVE('',#131,#333);
#333 = DEFINITIONAL_REPRESENTATION('',(#334),#338);
#334 = LINE('',#335,#336);
#335 = CARTESIAN_POINT('',(7.853981633974,0.));
#336 = VECTOR('',#337,1.);
#337 = DIRECTION('',(0.,1.));
#338 = ( GEOMETRIC_REPRESENTATION_CONTEXT(2) 
PARAMETRIC_REPRESENTATION_CONTEXT() REPRESENTATION_CONTEXT('2D SPACE',''
  ) );
#339 = PCURVE('',#159,#340);
#340 = DEFINITIONAL_REPRESENTATION('',(#341),#345);
#341 = LINE('',#342,#343);
#342 = CARTESIAN_POINT('',(0.,60.));
#343 = VECTOR('',#344,1.);
#344 = DIRECTION('',(1.,0.));
#345 = ( GEOMETRIC_REPRESENTATION_CONTEXT(2) 
PARAMETRIC_REPRESENTATION_CONTEXT() REPRESENTATION_CONTEXT('2D SPACE',''
  ) );
#346 = ORIENTED_EDGE('',*,*,#107,.F.);
#347 = ORIENTED_EDGE('',*,*,#348,.F.);
#348 = EDGE_CURVE('',#294,#108,#349,.T.);
#349 = SURFACE_CURVE('',#350,(#354,#361),.PCURVE_S1.);
#350 = LINE('',#351,#352);
#351 = CARTESIAN_POINT('',(-30.,-5.,-84.));
#352 = VECTOR('',#353,1.);
#353 = DIRECTION('',(0.,0.,1.));
#354 = PCURVE('',#131,#355);
#355 = DEFINITIONAL_REPRESENTATION('',(#356),#360);
#356 = LINE('',#357,#358);
#357 = CARTESIAN_POINT('',(4.712388980385,0.));
#358 = VECTOR('',#359,1.);
#359 = DIRECTION('',(0.,1.));
#360 = ( GEOMETRIC_REPRESENTATION_CONTEXT(2) 
PARAMETRIC_REPRESENTATION_CONTEXT() REPRESENTATION_CONTEXT('2D SPACE',''
  ) );
#361 = PCURVE('',#214,#362);
#362 = DEFINITIONAL_REPRESENTATION('',(#363),#367);
#363 = LINE('',#364,#365);
#364 = CARTESIAN_POINT('',(0.,60.));
#365 = VECTOR('',#366,1.);
#366 = DIRECTION('',(1.,0.));
#367 = ( GEOMETRIC_REPRESENTATION_CONTEXT(2) 
PARAMETRIC_REPRESENTATION_CONTEXT() REPRESENTATION_CONTEXT('2D SPACE',''
  ) );
#368 = ADVANCED_FACE('',(#369),#214,.F.);
#369 = FACE_BOUND('',#370,.F.);
#370 = EDGE_LOOP('',(#371,#394,#415,#416));
#371 = ORIENTED_EDGE('',*,*,#372,.F.);
#372 = EDGE_CURVE('',#373,#294,#375,.T.);
#373 = VERTEX_POINT('',#374);
#374 = CARTESIAN_POINT('',(-90.,-5.,-84.));
#375 = SURFACE_CURVE('',#376,(#380,#387),.PCURVE_S1.);
#376 = LINE('',#377,#378);
#377 = CARTESIAN_POINT('',(-90.,-5.,-84.));
#378 = VECTOR('',#379,1.);
#379 = DIRECTION('',(1.,0.,0.));
#380 = PCURVE('',#214,#381);
#381 = DEFINITIONAL_REPRESENTATION('',(#382),#386);
#382 = LINE('',#383,#384);
#383 = CARTESIAN_POINT('',(0.,0.));
#384 = VECTOR('',#385,1.);
#385 = DIRECTION('',(0.,1.));
#386 = ( GEOMETRIC_REPRESENTATION_CONTEXT(2) 
PARAMETRIC_REPRESENTATION_CONTEXT() REPRESENTATION_CONTEXT('2D SPACE',''
  ) );
#387 = PCURVE('',#310,#388);
#388 = DEFINITIONAL_REPRESENTATION('',(#389),#393);
#389 = LINE('',#390,#391);
#390 = CARTESIAN_POINT('',(0.,0.));
#391 = VECTOR('',#392,1.);
#392 = DIRECTION('',(1.,0.));
#393 = ( GEOMETRIC_REPRESENTATION_CONTEXT(2) 
PARAMETRIC_REPRESENTATION_CONTEXT() REPRESENTATION_CONTEXT('2D SPACE',''
  ) );
#394 = ORIENTED_EDGE('',*,*,#395,.T.);
#395 = EDGE_CURVE('',#373,#172,#396,.T.);
#396 = SURFACE_CURVE('',#397,(#401,#408),.PCURVE_S1.);
#397 = LINE('',#398,#399);
#398 = CARTESIAN_POINT('',(-90.,-5.,-84.));
#399 = VECTOR('',#400,1.);
#400 = DIRECTION('',(0.,0.,1.));
#401 = PCURVE('',#214,#402);
#402 = DEFINITIONAL_REPRESENTATION('',(#403),#407);
#403 = LINE('',#404,#405);
#404 = CARTESIAN_POINT('',(0.,0.));
#405 = VECTOR('',#406,1.);
#406 = DIRECTION('',(1.,0.));
#407 = ( GEOMETRIC_REPRESENTATION_CONTEXT(2) 
PARAMETRIC_REPRESENTATION_CONTEXT() REPRESENTATION_CONTEXT('2D SPACE',''
  ) );
#408 = PCURVE('',#188,#409);
#409 = DEFINITIONAL_REPRESENTATION('',(#410),#414);
#410 = LINE('',#411,#412);
#411 = CARTESIAN_POINT('',(4.712388980385,0.));
#412 = VECTOR('',#413,1.);
#413 = DIRECTION('',(0.,1.));
#414 = ( GEOMETRIC_REPRESENTATION_CONTEXT(2) 
PARAMETRIC_REPRESENTATION_CONTEXT() REPRESENTATION_CONTEXT('2D SPACE',''
  ) );
#415 = ORIENTED_EDGE('',*,*,#200,.T.);
#416 = ORIENTED_EDGE('',*,*,#348,.F.);
#417 = ADVANCED_FACE('',(#418),#159,.T.);
#418 = FACE_BOUND('',#419,.T.);
#419 = EDGE_LOOP('',(#420,#443,#464,#465));
#420 = ORIENTED_EDGE('',*,*,#421,.F.);
#421 = EDGE_CURVE('',#422,#292,#424,.T.);
#422 = VERTEX_POINT('',#423);
#423 = CARTESIAN_POINT('',(-90.,5.,-84.));
#424 = SURFACE_CURVE('',#425,(#429,#436),.PCURVE_S1.);
#425 = LINE('',#426,#427);
#426 = CARTESIAN_POINT('',(-90.,5.,-84.));
#427 = VECTOR('',#428,1.);
#428 = DIRECTION('',(1.,0.,0.));
#429 = PCURVE('',#159,#430);
#430 = DEFINITIONAL_REPRESENTATION('',(#431),#435);
#431 = LINE('',#432,#433);
#432 = CARTESIAN_POINT('',(0.,0.));
#433 = VECTOR('',#434,1.);
#434 = DIRECTION('',(0.,1.));
#435 = ( GEOMETRIC_REPRESENTATION_CONTEXT(2) 
PARAMETRIC_REPRESENTATION_CONTEXT() REPRESENTATION_CONTEXT('2D SPACE',''
  ) );
#436 = PCURVE('',#310,#437);
#437 = DEFINITIONAL_REPRESENTATION('',(#438),#442);
#438 = LINE('',#439,#440);
#439 = CARTESIAN_POINT('',(0.,10.));
#440 = VECTOR('',#441,1.);
#441 = DIRECTION('',(1.,0.));
#442 = ( GEOMETRIC_REPRESENTATION_CONTEXT(2) 
PARAMETRIC_REPRESENTATION_CONTEXT() REPRESENTATION_CONTEXT('2D SPACE',''
  ) );
#443 = ORIENTED_EDGE('',*,*,#444,.T.);
#444 = EDGE_CURVE('',#422,#144,#445,.T.);
#445 = SURFACE_CURVE('',#446,(#450,#457),.PCURVE_S1.);
#446 = LINE('',#447,#448);
#447 = CARTESIAN_POINT('',(-90.,5.,-84.));
#448 = VECTOR('',#449,1.);
#449 = DIRECTION('',(0.,0.,1.));
#450 = PCURVE('',#159,#451);
#451 = DEFINITIONAL_REPRESENTATION('',(#452),#456);
#452 = LINE('',#453,#454);
#453 = CARTESIAN_POINT('',(0.,0.));
#454 = VECTOR('',#455,1.);
#455 = DIRECTION('',(1.,0.));
#456 = ( GEOMETRIC_REPRESENTATION_CONTEXT(2) 
PARAMETRIC_REPRESENTATION_CONTEXT() REPRESENTATION_CONTEXT('2D SPACE',''
  ) );
#457 = PCURVE('',#188,#458);
#458 = DEFINITIONAL_REPRESENTATION('',(#459),#463);
#459 = LINE('',#460,#461);
#460 = CARTESIAN_POINT('',(1.570796326795,0.));
#461 = VECTOR('',#462,1.);
#462 = DIRECTION('',(0.,1.));
#463 = ( GEOMETRIC_REPRESENTATION_CONTEXT(2) 
PARAMETRIC_REPRESENTATION_CONTEXT() REPRESENTATION_CONTEXT('2D SPACE',''
  ) );
#464 = ORIENTED_EDGE('',*,*,#143,.T.);
#465 = ORIENTED_EDGE('',*,*,#326,.F.);
#466 = ADVANCED_FACE('',(#467),#188,.T.);
#467 = FACE_BOUND('',#468,.T.);
#468 = EDGE_LOOP('',(#469,#470,#471,#493));
#469 = ORIENTED_EDGE('',*,*,#171,.F.);
#470 = ORIENTED_EDGE('',*,*,#444,.F.);
#471 = ORIENTED_EDGE('',*,*,#472,.T.);
#472 = EDGE_CURVE('',#422,#373,#473,.T.);
#473 = SURFACE_CURVE('',#474,(#479,#486),.PCURVE_S1.);
#474 = CIRCLE('',#475,5.);
#475 = AXIS2_PLACEMENT_3D('',#476,#477,#478);
#476 = CARTESIAN_POINT('',(-90.,0.,-84.));
#477 = DIRECTION('',(0.,0.,1.));
#478 = DIRECTION('',(1.,0.,0.));
#479 = PCURVE('',#188,#480);
#480 = DEFINITIONAL_REPRESENTATION('',(#481),#485);
#481 = LINE('',#482,#483);
#482 = CARTESIAN_POINT('',(0.,0.));
#483 = VECTOR('',#484,1.);
#484 = DIRECTION('',(1.,0.));
#485 = ( GEOMETRIC_REPRESENTATION_CONTEXT(2) 
PARAMETRIC_REPRESENTATION_CONTEXT() REPRESENTATION_CONTEXT('2D SPACE',''
  ) );
#486 = PCURVE('',#310,#487);
#487 = DEFINITIONAL_REPRESENTATION('',(#488),#492);
#488 = CIRCLE('',#489,5.);
#489 = AXIS2_PLACEMENT_2D('',#490,#491);
#490 = CARTESIAN_POINT('',(0.,5.));
#491 = DIRECTION('',(1.,0.));
#492 = ( GEOMETRIC_REPRESENTATION_CONTEXT(2) 
PARAMETRIC_REPRESENTATION_CONTEXT() REPRESENTATION_CONTEXT('2D SPACE',''
  ) );
#493 = ORIENTED_EDGE('',*,*,#395,.T.);
#494 = ADVANCED_FACE('',(#495),#245,.F.);
#495 = FACE_BOUND('',#496,.F.);
#496 = EDGE_LOOP('',(#497,#498,#521,#543));
#497 = ORIENTED_EDGE('',*,*,#228,.F.);
#498 = ORIENTED_EDGE('',*,*,#499,.F.);
#499 = EDGE_CURVE('',#500,#229,#502,.T.);
#500 = VERTEX_POINT('',#501);
#501 = CARTESIAN_POINT('',(-88.,-4.898587196589E-16,-84.));
#502 = SEAM_CURVE('',#503,(#507,#514),.PCURVE_S1.);
#503 = LINE('',#504,#505);
#504 = CARTESIAN_POINT('',(-88.,-4.898587196589E-16,-85.));
#505 = VECTOR('',#506,1.);
#506 = DIRECTION('',(0.,0.,1.));
#507 = PCURVE('',#245,#508);
#508 = DEFINITIONAL_REPRESENTATION('',(#509),#513);
#509 = LINE('',#510,#511);
#510 = CARTESIAN_POINT('',(6.28318530718,-0.));
#511 = VECTOR('',#512,1.);
#512 = DIRECTION('',(0.,1.));
#513 = ( GEOMETRIC_REPRESENTATION_CONTEXT(2) 
PARAMETRIC_REPRESENTATION_CONTEXT() REPRESENTATION_CONTEXT('2D SPACE',''
  ) );
#514 = PCURVE('',#245,#515);
#515 = DEFINITIONAL_REPRESENTATION('',(#516),#520);
#516 = LINE('',#517,#518);
#517 = CARTESIAN_POINT('',(0.,-0.));
#518 = VECTOR('',#519,1.);
#519 = DIRECTION('',(0.,1.));
#520 = ( GEOMETRIC_REPRESENTATION_CONTEXT(2) 
PARAMETRIC_REPRESENTATION_CONTEXT() REPRESENTATION_CONTEXT('2D SPACE',''
  ) );
#521 = ORIENTED_EDGE('',*,*,#522,.T.);
#522 = EDGE_CURVE('',#500,#500,#523,.T.);
#523 = SURFACE_CURVE('',#524,(#529,#536),.PCURVE_S1.);
#524 = CIRCLE('',#525,2.);
#525 = AXIS2_PLACEMENT_3D('',#526,#527,#528);
#526 = CARTESIAN_POINT('',(-90.,0.,-84.));
#527 = DIRECTION('',(0.,0.,1.));
#528 = DIRECTION('',(1.,0.,-0.));
#529 = PCURVE('',#245,#530);
#530 = DEFINITIONAL_REPRESENTATION('',(#531),#535);
#531 = LINE('',#532,#533);
#532 = CARTESIAN_POINT('',(0.,1.));
#533 = VECTOR('',#534,1.);
#534 = DIRECTION('',(1.,0.));
#535 = ( GEOMETRIC_REPRESENTATION_CONTEXT(2) 
PARAMETRIC_REPRESENTATION_CONTEXT() REPRESENTATION_CONTEXT('2D SPACE',''
  ) );
#536 = PCURVE('',#310,#537);
#537 = DEFINITIONAL_REPRESENTATION('',(#538),#542);
#538 = CIRCLE('',#539,2.);
#539 = AXIS2_PLACEMENT_2D('',#540,#541);
#540 = CARTESIAN_POINT('',(0.,5.));
#541 = DIRECTION('',(1.,0.));
#542 = ( GEOMETRIC_REPRESENTATION_CONTEXT(2) 
PARAMETRIC_REPRESENTATION_CONTEXT() REPRESENTATION_CONTEXT('2D SPACE',''
  ) );
#543 = ORIENTED_EDGE('',*,*,#499,.T.);
#544 = ADVANCED_FACE('',(#545),#276,.F.);
#545 = FACE_BOUND('',#546,.F.);
#546 = EDGE_LOOP('',(#547,#548,#571,#593));
#547 = ORIENTED_EDGE('',*,*,#259,.F.);
#548 = ORIENTED_EDGE('',*,*,#549,.F.);
#549 = EDGE_CURVE('',#550,#260,#552,.T.);
#550 = VERTEX_POINT('',#551);
#551 = CARTESIAN_POINT('',(-28.,-4.898587196589E-16,-84.));
#552 = SEAM_CURVE('',#553,(#557,#564),.PCURVE_S1.);
#553 = LINE('',#554,#555);
#554 = CARTESIAN_POINT('',(-28.,-4.898587196589E-16,-85.));
#555 = VECTOR('',#556,1.);
#556 = DIRECTION('',(0.,0.,1.));
#557 = PCURVE('',#276,#558);
#558 = DEFINITIONAL_REPRESENTATION('',(#559),#563);
#559 = LINE('',#560,#561);
#560 = CARTESIAN_POINT('',(6.28318530718,-0.));
#561 = VECTOR('',#562,1.);
#562 = DIRECTION('',(0.,1.));
#563 = ( GEOMETRIC_REPRESENTATION_CONTEXT(2) 
PARAMETRIC_REPRESENTATION_CONTEXT() REPRESENTATION_CONTEXT('2D SPACE',''
  ) );
#564 = PCURVE('',#276,#565);
#565 = DEFINITIONAL_REPRESENTATION('',(#566),#570);
#566 = LINE('',#567,#568);
#567 = CARTESIAN_POINT('',(0.,-0.));
#568 = VECTOR('',#569,1.);
#569 = DIRECTION('',(0.,1.));
#570 = ( GEOMETRIC_REPRESENTATION_CONTEXT(2) 
PARAMETRIC_REPRESENTATION_CONTEXT() REPRESENTATION_CONTEXT('2D SPACE',''
  ) );
#571 = ORIENTED_EDGE('',*,*,#572,.T.);
#572 = EDGE_CURVE('',#550,#550,#573,.T.);
#573 = SURFACE_CURVE('',#574,(#579,#586),.PCURVE_S1.);
#574 = CIRCLE('',#575,2.);
#575 = AXIS2_PLACEMENT_3D('',#576,#577,#578);
#576 = CARTESIAN_POINT('',(-30.,0.,-84.));
#577 = DIRECTION('',(0.,0.,1.));
#578 = DIRECTION('',(1.,0.,-0.));
#579 = PCURVE('',#276,#580);
#580 = DEFINITIONAL_REPRESENTATION('',(#581),#585);
#581 = LINE('',#582,#583);
#582 = CARTESIAN_POINT('',(0.,1.));
#583 = VECTOR('',#584,1.);
#584 = DIRECTION('',(1.,0.));
#585 = ( GEOMETRIC_REPRESENTATION_CONTEXT(2) 
PARAMETRIC_REPRESENTATION_CONTEXT() REPRESENTATION_CONTEXT('2D SPACE',''
  ) );
#586 = PCURVE('',#310,#587);
#587 = DEFINITIONAL_REPRESENTATION('',(#588),#592);
#588 = CIRCLE('',#589,2.);
#589 = AXIS2_PLACEMENT_2D('',#590,#591);
#590 = CARTESIAN_POINT('',(60.,5.));
#591 = DIRECTION('',(1.,0.));
#592 = ( GEOMETRIC_REPRESENTATION_CONTEXT(2) 
PARAMETRIC_REPRESENTATION_CONTEXT() REPRESENTATION_CONTEXT('2D SPACE',''
  ) );
#593 = ORIENTED_EDGE('',*,*,#549,.T.);
#594 = ADVANCED_FACE('',(#595,#601,#604),#310,.F.);
#595 = FACE_BOUND('',#596,.F.);
#596 = EDGE_LOOP('',(#597,#598,#599,#600));
#597 = ORIENTED_EDGE('',*,*,#291,.F.);
#598 = ORIENTED_EDGE('',*,*,#421,.F.);
#599 = ORIENTED_EDGE('',*,*,#472,.T.);
#600 = ORIENTED_EDGE('',*,*,#372,.T.);
#601 = FACE_BOUND('',#602,.F.);
#602 = EDGE_LOOP('',(#603));
#603 = ORIENTED_EDGE('',*,*,#522,.F.);
#604 = FACE_BOUND('',#605,.F.);
#605 = EDGE_LOOP('',(#606));
#606 = ORIENTED_EDGE('',*,*,#572,.F.);
#607 = ( GEOMETRIC_REPRESENTATION_CONTEXT(3) 
GLOBAL_UNCERTAINTY_ASSIGNED_CONTEXT((#611)) GLOBAL_UNIT_ASSIGNED_CONTEXT
((#608,#609,#610)) REPRESENTATION_CONTEXT('Context #1',
  '3D Context with UNIT and UNCERTAINTY') );
#608 = ( LENGTH_UNIT() NAMED_UNIT(*) SI_UNIT(.MILLI.,.METRE.) );
#609 = ( NAMED_UNIT(*) PLANE_ANGLE_UNIT() SI_UNIT($,.RADIAN.) );
#610 = ( NAMED_UNIT(*) SI_UNIT($,.STERADIAN.) SOLID_ANGLE_UNIT() );
#611 = UNCERTAINTY_MEASURE_WITH_UNIT(LENGTH_MEASURE(1.E-07),#608,
  'distance_accuracy_value','confusion accuracy');
#612 = CONTEXT_DEPENDENT_SHAPE_REPRESENTATION(#613,#615);
#613 = ( REPRESENTATION_RELATIONSHIP('','',#100,#10) 
REPRESENTATION_RELATIONSHIP_WITH_TRANSFORMATION(#614) 
SHAPE_REPRESENTATION_RELATIONSHIP() );
#614 = ITEM_DEFINED_TRANSFORMATION('','',#11,#15);
#615 = PRODUCT_DEFINITION_SHAPE('Placement','Placement of an item',#616
  );
#616 = NEXT_ASSEMBLY_USAGE_OCCURRENCE('492','=>[0:1:1:2]','',#5,#95,$);
#617 = PRODUCT_RELATED_PRODUCT_CATEGORY('part',$,(#97));
#618 = SHAPE_DEFINITION_REPRESENTATION(#619,#625);
#619 = PRODUCT_DEFINITION_SHAPE('','',#620);
#620 = PRODUCT_DEFINITION('design','',#621,#624);
#621 = PRODUCT_DEFINITION_FORMATION('','',#622);
#622 = PRODUCT('forearm','forearm','',(#623));
#623 = PRODUCT_CONTEXT('',#2,'mechanical');
#624 = PRODUCT_DEFINITION_CONTEXT('part definition',#2,'design');
#625 = ADVANCED_BREP_SHAPE_REPRESENTATION('',(#11,#626),#1132);
#626 = MANIFOLD_SOLID_BREP('',#627);
#627 = CLOSED_SHELL('',(#628,#812,#893,#942,#991,#1019,#1069,#1119));
#628 = ADVANCED_FACE('',(#629,#750,#781),#644,.T.);
#629 = FACE_BOUND('',#630,.T.);
#630 = EDGE_LOOP('',(#631,#667,#695,#724));
#631 = ORIENTED_EDGE('',*,*,#632,.T.);
#632 = EDGE_CURVE('',#633,#635,#637,.T.);
#633 = VERTEX_POINT('',#634);
#634 = CARTESIAN_POINT('',(0.,-5.,-46.));
#635 = VERTEX_POINT('',#636);
#636 = CARTESIAN_POINT('',(0.,5.,-46.));
#637 = SURFACE_CURVE('',#638,(#643,#655),.PCURVE_S1.);
#638 = CIRCLE('',#639,5.);
#639 = AXIS2_PLACEMENT_3D('',#640,#641,#642);
#640 = CARTESIAN_POINT('',(0.,0.,-46.));
#641 = DIRECTION('',(0.,0.,1.));
#642 = DIRECTION('',(0.,-1.,0.));
#643 = PCURVE('',#644,#649);
#644 = PLANE('',#645);
#645 = AXIS2_PLACEMENT_3D('',#646,#647,#648);
#646 = CARTESIAN_POINT('',(-60.,-5.,-46.));
#647 = DIRECTION('',(0.,0.,1.));
#648 = DIRECTION('',(1.,0.,0.));
#649 = DEFINITIONAL_REPRESENTATION('',(#650),#654);
#650 = CIRCLE('',#651,5.);
#651 = AXIS2_PLACEMENT_2D('',#652,#653);
#652 = CARTESIAN_POINT('',(60.,5.));
#653 = DIRECTION('',(0.,-1.));
#654 = ( GEOMETRIC_REPRESENTATION_CONTEXT(2) 
PARAMETRIC_REPRESENTATION_CONTEXT() REPRESENTATION_CONTEXT('2D SPACE',''
  ) );
#655 = PCURVE('',#656,#661);
#656 = CYLINDRICAL_SURFACE('',#657,5.);
#657 = AXIS2_PLACEMENT_3D('',#658,#659,#660);
#658 = CARTESIAN_POINT('',(0.,0.,-54.));
#659 = DIRECTION('',(0.,0.,1.));
#660 = DIRECTION('',(1.,0.,0.));
#661 = DEFINITIONAL_REPRESENTATION('',(#662),#666);
#662 = LINE('',#663,#664);
#663 = CARTESIAN_POINT('',(4.712388980385,8.));
#664 = VECTOR('',#665,1.);
#665 = DIRECTION('',(1.,0.));
#666 = ( GEOMETRIC_REPRESENTATION_CONTEXT(2) 
PARAMETRIC_REPRESENTATION_CONTEXT() REPRESENTATION_CONTEXT('2D SPACE',''
  ) );
#667 = ORIENTED_EDGE('',*,*,#668,.F.);
#668 = EDGE_CURVE('',#669,#635,#671,.T.);
#669 = VERTEX_POINT('',#670);
#670 = CARTESIAN_POINT('',(-60.,5.,-46.));
#671 = SURFACE_CURVE('',#672,(#676,#683),.PCURVE_S1.);
#672 = LINE('',#673,#674);
#673 = CARTESIAN_POINT('',(-60.,5.,-46.));
#674 = VECTOR('',#675,1.);
#675 = DIRECTION('',(1.,0.,0.));
#676 = PCURVE('',#644,#677);
#677 = DEFINITIONAL_REPRESENTATION('',(#678),#682);
#678 = LINE('',#679,#680);
#679 = CARTESIAN_POINT('',(0.,10.));
#680 = VECTOR('',#681,1.);
#681 = DIRECTION('',(1.,0.));
#682 = ( GEOMETRIC_REPRESENTATION_CONTEXT(2) 
PARAMETRIC_REPRESENTATION_CONTEXT() REPRESENTATION_CONTEXT('2D SPACE',''
  ) );
#683 = PCURVE('',#684,#689);
#684 = PLANE('',#685);
#685 = AXIS2_PLACEMENT_3D('',#686,#687,#688);
#686 = CARTESIAN_POINT('',(-60.,5.,-54.));
#687 = DIRECTION('',(0.,1.,0.));
#688 = DIRECTION('',(0.,0.,1.));
#689 = DEFINITIONAL_REPRESENTATION('',(#690),#694);
#690 = LINE('',#691,#692);
#691 = CARTESIAN_POINT('',(8.,0.));
#692 = VECTOR('',#693,1.);
#693 = DIRECTION('',(0.,1.));
#694 = ( GEOMETRIC_REPRESENTATION_CONTEXT(2) 
PARAMETRIC_REPRESENTATION_CONTEXT() REPRESENTATION_CONTEXT('2D SPACE',''
  ) );
#695 = ORIENTED_EDGE('',*,*,#696,.T.);
#696 = EDGE_CURVE('',#669,#697,#699,.T.);
#697 = VERTEX_POINT('',#698);
#698 = CARTESIAN_POINT('',(-60.,-5.,-46.));
#699 = SURFACE_CURVE('',#700,(#705,#712),.PCURVE_S1.);
#700 = CIRCLE('',#701,5.);
#701 = AXIS2_PLACEMENT_3D('',#702,#703,#704);
#702 = CARTESIAN_POINT('',(-60.,0.,-46.));
#703 = DIRECTION('',(0.,0.,1.));
#704 = DIRECTION('',(1.,0.,0.));
#705 = PCURVE('',#644,#706);
#706 = DEFINITIONAL_REPRESENTATION('',(#707),#711);
#707 = CIRCLE('',#708,5.);
#708 = AXIS2_PLACEMENT_2D('',#709,#710);
#709 = CARTESIAN_POINT('',(0.,5.));
#710 = DIRECTION('',(1.,0.));
#711 = ( GEOMETRIC_REPRESENTATION_CONTEXT(2) 
PARAMETRIC_REPRESENTATION_CONTEXT() REPRESENTATION_CONTEXT('2D SPACE',''
  ) );
#712 = PCURVE('',#713,#718);
#713 = CYLINDRICAL_SURFACE('',#714,5.);
#714 = AXIS2_PLACEMENT_3D('',#715,#716,#717);
#715 = CARTESIAN_POINT('',(-60.,0.,-54.));
#716 = DIRECTION('',(0.,0.,1.));
#717 = DIRECTION('',(1.,0.,0.));
#718 = DEFINITIONAL_REPRESENTATION('',(#719),#723);
#719 = LINE('',#720,#721);
#720 = CARTESIAN_POINT('',(0.,8.));
#721 = VECTOR('',#722,1.);
#722 = DIRECTION('',(1.,0.));
#723 = ( GEOMETRIC_REPRESENTATION_CONTEXT(2) 
PARAMETRIC_REPRESENTATION_CONTEXT() REPRESENTATION_CONTEXT('2D SPACE',''
  ) );
#724 = ORIENTED_EDGE('',*,*,#725,.T.);
#725 = EDGE_CURVE('',#697,#633,#726,.T.);
#726 = SURFACE_CURVE('',#727,(#731,#738),.PCURVE_S1.);
#727 = LINE('',#728,#729);
#728 = CARTESIAN_POINT('',(-60.,-5.,-46.));
#729 = VECTOR('',#730,1.);
#730 = DIRECTION('',(1.,0.,0.));
#731 = PCURVE('',#644,#732);
#732 = DEFINITIONAL_REPRESENTATION('',(#733),#737);
#733 = LINE('',#734,#735);
#734 = CARTESIAN_POINT('',(0.,0.));
#735 = VECTOR('',#736,1.);
#736 = DIRECTION('',(1.,0.));
#737 = ( GEOMETRIC_REPRESENTATION_CONTEXT(2) 
PARAMETRIC_REPRESENTATION_CONTEXT() REPRESENTATION_CONTEXT('2D SPACE',''
  ) );
#738 = PCURVE('',#739,#744);
#739 = PLANE('',#740);
#740 = AXIS2_PLACEMENT_3D('',#741,#742,#743);
#741 = CARTESIAN_POINT('',(-60.,-5.,-54.));
#742 = DIRECTION('',(0.,1.,0.));
#743 = DIRECTION('',(0.,0.,1.));
#744 = DEFINITIONAL_REPRESENTATION('',(#745),#749);
#745 = LINE('',#746,#747);
#746 = CARTESIAN_POINT('',(8.,0.));
#747 = VECTOR('',#748,1.);
#748 = DIRECTION('',(0.,1.));
#749 = ( GEOMETRIC_REPRESENTATION_CONTEXT(2) 
PARAMETRIC_REPRESENTATION_CONTEXT() REPRESENTATION_CONTEXT('2D SPACE',''
  ) );
#750 = FACE_BOUND('',#751,.T.);
#751 = EDGE_LOOP('',(#752));
#752 = ORIENTED_EDGE('',*,*,#753,.F.);
#753 = EDGE_CURVE('',#754,#754,#756,.T.);
#754 = VERTEX_POINT('',#755);
#755 = CARTESIAN_POINT('',(-58.,-4.898587196589E-16,-46.));
#756 = SURFACE_CURVE('',#757,(#762,#769),.PCURVE_S1.);
#757 = CIRCLE('',#758,2.);
#758 = AXIS2_PLACEMENT_3D('',#759,#760,#761);
#759 = CARTESIAN_POINT('',(-60.,0.,-46.));
#760 = DIRECTION('',(0.,0.,1.));
#761 = DIRECTION('',(1.,0.,-0.));
#762 = PCURVE('',#644,#763);
#763 = DEFINITIONAL_REPRESENTATION('',(#764),#768);
#764 = CIRCLE('',#765,2.);
#765 = AXIS2_PLACEMENT_2D('',#766,#767);
#766 = CARTESIAN_POINT('',(0.,5.));
#767 = DIRECTION('',(1.,0.));
#768 = ( GEOMETRIC_REPRESENTATION_CONTEXT(2) 
PARAMETRIC_REPRESENTATION_CONTEXT() REPRESENTATION_CONTEXT('2D SPACE',''
  ) );
#769 = PCURVE('',#770,#775);
#770 = CYLINDRICAL_SURFACE('',#771,2.);
#771 = AXIS2_PLACEMENT_3D('',#772,#773,#774);
#772 = CARTESIAN_POINT('',(-60.,0.,-55.));
#773 = DIRECTION('',(0.,0.,1.));
#774 = DIRECTION('',(1.,0.,0.));
#775 = DEFINITIONAL_REPRESENTATION('',(#776),#780);
#776 = LINE('',#777,#778);
#777 = CARTESIAN_POINT('',(0.,9.));
#778 = VECTOR('',#779,1.);
#779 = DIRECTION('',(1.,0.));
#780 = ( GEOMETRIC_REPRESENTATION_CONTEXT(2) 
PARAMETRIC_REPRESENTATION_CONTEXT() REPRESENTATION_CONTEXT('2D SPACE',''
  ) );
#781 = FACE_BOUND('',#782,.T.);
#782 = EDGE_LOOP('',(#783));
#783 = ORIENTED_EDGE('',*,*,#784,.F.);
#784 = EDGE_CURVE('',#785,#785,#787,.T.);
#785 = VERTEX_POINT('',#786);
#786 = CARTESIAN_POINT('',(2.,-4.898587196589E-16,-46.));
#787 = SURFACE_CURVE('',#788,(#793,#800),.PCURVE_S1.);
#788 = CIRCLE('',#789,2.);
#789 = AXIS2_PLACEMENT_3D('',#790,#791,#792);
#790 = CARTESIAN_POINT('',(0.,0.,-46.));
#791 = DIRECTION('',(0.,0.,1.));
#792 = DIRECTION('',(1.,0.,-0.));
#793 = PCURVE('',#644,#794);
#794 = DEFINITIONAL_REPRESENTATION('',(#795),#799);
#795 = CIRCLE('',#796,2.);
#796 = AXIS2_PLACEMENT_2D('',#797,#798);
#797 = CARTESIAN_POINT('',(60.,5.));
#798 = DIRECTION('',(1.,0.));
#799 = ( GEOMETRIC_REPRESENTATION_CONTEXT(2) 
PARAMETRIC_REPRESENTATION_CONTEXT() REPRESENTATION_CONTEXT('2D SPACE',''
  ) );
#800 = PCURVE('',#801,#806);
#801 = CYLINDRICAL_SURFACE('',#802,2.);
#802 = AXIS2_PLACEMENT_3D('',#803,#804,#805);
#803 = CARTESIAN_POINT('',(0.,0.,-55.));
#804 = DIRECTION('',(0.,0.,1.));
#805 = DIRECTION('',(1.,0.,0.));
#806 = DEFINITIONAL_REPRESENTATION('',(#807),#811);
#807 = LINE('',#808,#809);
#808 = CARTESIAN_POINT('',(0.,9.));
#809 = VECTOR('',#810,1.);
#810 = DIRECTION('',(1.,0.));
#811 = ( GEOMETRIC_REPRESENTATION_CONTEXT(2) 
PARAMETRIC_REPRESENTATION_CONTEXT() REPRESENTATION_CONTEXT('2D SPACE',''
  ) );
#812 = ADVANCED_FACE('',(#813),#656,.T.);
#813 = FACE_BOUND('',#814,.T.);
#814 = EDGE_LOOP('',(#815,#850,#871,#872));
#815 = ORIENTED_EDGE('',*,*,#816,.F.);
#816 = EDGE_CURVE('',#817,#819,#821,.T.);
#817 = VERTEX_POINT('',#818);
#818 = CARTESIAN_POINT('',(0.,5.,-54.));
#819 = VERTEX_POINT('',#820);
#820 = CARTESIAN_POINT('',(0.,-5.,-54.));
#821 = SURFACE_CURVE('',#822,(#827,#834),.PCURVE_S1.);
#822 = CIRCLE('',#823,5.);
#823 = AXIS2_PLACEMENT_3D('',#824,#825,#826);
#824 = CARTESIAN_POINT('',(0.,0.,-54.));
#825 = DIRECTION('',(0.,0.,-1.));
#826 = DIRECTION('',(0.,1.,0.));
#827 = PCURVE('',#656,#828);
#828 = DEFINITIONAL_REPRESENTATION('',(#829),#833);
#829 = LINE('',#830,#831);
#830 = CARTESIAN_POINT('',(7.853981633974,0.));
#831 = VECTOR('',#832,1.);
#832 = DIRECTION('',(-1.,-0.));
#833 = ( GEOMETRIC_REPRESENTATION_CONTEXT(2) 
PARAMETRIC_REPRESENTATION_CONTEXT() REPRESENTATION_CONTEXT('2D SPACE',''
  ) );
#834 = PCURVE('',#835,#840);
#835 = PLANE('',#836);
#836 = AXIS2_PLACEMENT_3D('',#837,#838,#839);
#837 = CARTESIAN_POINT('',(-60.,-5.,-54.));
#838 = DIRECTION('',(0.,0.,1.));
#839 = DIRECTION('',(1.,0.,0.));
#840 = DEFINITIONAL_REPRESENTATION('',(#841),#849);
#841 = ( BOUNDED_CURVE() B_SPLINE_CURVE(2,(#842,#843,#844,#845,#846,#847
,#848),.UNSPECIFIED.,.T.,.F.) B_SPLINE_CURVE_WITH_KNOTS((1,2,2,2,2,1),(
    -2.094395102393,0.,2.094395102393,4.188790204786,6.28318530718,
8.377580409573),.UNSPECIFIED.) CURVE() GEOMETRIC_REPRESENTATION_ITEM() 
RATIONAL_B_SPLINE_CURVE((1.,0.5,1.,0.5,1.,0.5,1.)) REPRESENTATION_ITEM(
  '') );
#842 = CARTESIAN_POINT('',(60.,10.));
#843 = CARTESIAN_POINT('',(68.660254037844,10.));
#844 = CARTESIAN_POINT('',(64.330127018922,2.5));
#845 = CARTESIAN_POINT('',(60.,-5.));
#846 = CARTESIAN_POINT('',(55.669872981078,2.5));
#847 = CARTESIAN_POINT('',(51.339745962156,10.));
#848 = CARTESIAN_POINT('',(60.,10.));
#849 = ( GEOMETRIC_REPRESENTATION_CONTEXT(2) 
PARAMETRIC_REPRESENTATION_CONTEXT() REPRESENTATION_CONTEXT('2D SPACE',''
  ) );
#850 = ORIENTED_EDGE('',*,*,#851,.T.);
#851 = EDGE_CURVE('',#817,#635,#852,.T.);
#852 = SURFACE_CURVE('',#853,(#857,#864),.PCURVE_S1.);
#853 = LINE('',#854,#855);
#854 = CARTESIAN_POINT('',(0.,5.,-54.));
#855 = VECTOR('',#856,1.);
#856 = DIRECTION('',(0.,0.,1.));
#857 = PCURVE('',#656,#858);
#858 = DEFINITIONAL_REPRESENTATION('',(#859),#863);
#859 = LINE('',#860,#861);
#860 = CARTESIAN_POINT('',(7.853981633974,0.));
#861 = VECTOR('',#862,1.);
#862 = DIRECTION('',(0.,1.));
#863 = ( GEOMETRIC_REPRESENTATION_CONTEXT(2) 
PARAMETRIC_REPRESENTATION_CONTEXT() REPRESENTATION_CONTEXT('2D SPACE',''
  ) );
#864 = PCURVE('',#684,#865);
#865 = DEFINITIONAL_REPRESENTATION('',(#866),#870);
#866 = LINE('',#867,#868);
#867 = CARTESIAN_POINT('',(0.,60.));
#868 = VECTOR('',#869,1.);
#869 = DIRECTION('',(1.,0.));
#870 = ( GEOMETRIC_REPRESENTATION_CONTEXT(2) 
PARAMETRIC_REPRESENTATION_CONTEXT() REPRESENTATION_CONTEXT('2D SPACE',''
  ) );
#871 = ORIENTED_EDGE('',*,*,#632,.F.);
#872 = ORIENTED_EDGE('',*,*,#873,.F.);
#873 = EDGE_CURVE('',#819,#633,#874,.T.);
#874 = SURFACE_CURVE('',#875,(#879,#886),.PCURVE_S1.);
#875 = LINE('',#876,#877);
#876 = CARTESIAN_POINT('',(0.,-5.,-54.));
#877 = VECTOR('',#878,1.);
#878 = DIRECTION('',(0.,0.,1.));
#879 = PCURVE('',#656,#880);
#880 = DEFINITIONAL_REPRESENTATION('',(#881),#885);
#881 = LINE('',#882,#883);
#882 = CARTESIAN_POINT('',(4.712388980385,0.));
#883 = VECTOR('',#884,1.);
#884 = DIRECTION('',(0.,1.));
#885 = ( GEOMETRIC_REPRESENTATION_CONTEXT(2) 
PARAMETRIC_REPRESENTATION_CONTEXT() REPRESENTATION_CONTEXT('2D SPACE',''
  ) );
#886 = PCURVE('',#739,#887);
#887 = DEFINITIONAL_REPRESENTATION('',(#888),#892);
#888 = LINE('',#889,#890);
#889 = CARTESIAN_POINT('',(0.,60.));
#890 = VECTOR('',#891,1.);
#891 = DIRECTION('',(1.,0.));
#892 = ( GEOMETRIC_REPRESENTATION_CONTEXT(2) 
PARAMETRIC_REPRESENTATION_CONTEXT() REPRESENTATION_CONTEXT('2D SPACE',''
  ) );
#893 = ADVANCED_FACE('',(#894),#739,.F.);
#894 = FACE_BOUND('',#895,.F.);
#895 = EDGE_LOOP('',(#896,#919,#940,#941));
#896 = ORIENTED_EDGE('',*,*,#897,.F.);
#897 = EDGE_CURVE('',#898,#819,#900,.T.);
#898 = VERTEX_POINT('',#899);
#899 = CARTESIAN_POINT('',(-60.,-5.,-54.));
#900 = SURFACE_CURVE('',#901,(#905,#912),.PCURVE_S1.);
#901 = LINE('',#902,#903);
#902 = CARTESIAN_POINT('',(-60.,-5.,-54.));
#903 = VECTOR('',#904,1.);
#904 = DIRECTION('',(1.,0.,0.));
#905 = PCURVE('',#739,#906);
#906 = DEFINITIONAL_REPRESENTATION('',(#907),#911);
#907 = LINE('',#908,#909);
#908 = CARTESIAN_POINT('',(0.,0.));
#909 = VECTOR('',#910,1.);
#910 = DIRECTION('',(0.,1.));
#911 = ( GEOMETRIC_REPRESENTATION_CONTEXT(2) 
PARAMETRIC_REPRESENTATION_CONTEXT() REPRESENTATION_CONTEXT('2D SPACE',''
  ) );
#912 = PCURVE('',#835,#913);
#913 = DEFINITIONAL_REPRESENTATION('',(#914),#918);
#914 = LINE('',#915,#916);
#915 = CARTESIAN_POINT('',(0.,0.));
#916 = VECTOR('',#917,1.);
#917 = DIRECTION('',(1.,0.));
#918 = ( GEOMETRIC_REPRESENTATION_CONTEXT(2) 
PARAMETRIC_REPRESENTATION_CONTEXT() REPRESENTATION_CONTEXT('2D SPACE',''
  ) );
#919 = ORIENTED_EDGE('',*,*,#920,.T.);
#920 = EDGE_CURVE('',#898,#697,#921,.T.);
#921 = SURFACE_CURVE('',#922,(#926,#933),.PCURVE_S1.);
#922 = LINE('',#923,#924);
#923 = CARTESIAN_POINT('',(-60.,-5.,-54.));
#924 = VECTOR('',#925,1.);
#925 = DIRECTION('',(0.,0.,1.));
#926 = PCURVE('',#739,#927);
#927 = DEFINITIONAL_REPRESENTATION('',(#928),#932);
#928 = LINE('',#929,#930);
#929 = CARTESIAN_POINT('',(0.,0.));
#930 = VECTOR('',#931,1.);
#931 = DIRECTION('',(1.,0.));
#932 = ( GEOMETRIC_REPRESENTATION_CONTEXT(2) 
PARAMETRIC_REPRESENTATION_CONTEXT() REPRESENTATION_CONTEXT('2D SPACE',''
  ) );
#933 = PCURVE('',#713,#934);
#934 = DEFINITIONAL_REPRESENTATION('',(#935),#939);
#935 = LINE('',#936,#937);
#936 = CARTESIAN_POINT('',(4.712388980385,0.));
#937 = VECTOR('',#938,1.);
#938 = DIRECTION('',(0.,1.));
#939 = ( GEOMETRIC_REPRESENTATION_CONTEXT(2) 
PARAMETRIC_REPRESENTATION_CONTEXT() REPRESENTATION_CONTEXT('2D SPACE',''
  ) );
#940 = ORIENTED_EDGE('',*,*,#725,.T.);
#941 = ORIENTED_EDGE('',*,*,#873,.F.);
#942 = ADVANCED_FACE('',(#943),#684,.T.);
#943 = FACE_BOUND('',#944,.T.);
#944 = EDGE_LOOP('',(#945,#968,#989,#990));
#945 = ORIENTED_EDGE('',*,*,#946,.F.);
#946 = EDGE_CURVE('',#947,#817,#949,.T.);
#947 = VERTEX_POINT('',#948);
#948 = CARTESIAN_POINT('',(-60.,5.,-54.));
#949 = SURFACE_CURVE('',#950,(#954,#961),.PCURVE_S1.);
#950 = LINE('',#951,#952);
#951 = CARTESIAN_POINT('',(-60.,5.,-54.));
#952 = VECTOR('',#953,1.);
#953 = DIRECTION('',(1.,0.,0.));
#954 = PCURVE('',#684,#955);
#955 = DEFINITIONAL_REPRESENTATION('',(#956),#960);
#956 = LINE('',#957,#958);
#957 = CARTESIAN_POINT('',(0.,0.));
#958 = VECTOR('',#959,1.);
#959 = DIRECTION('',(0.,1.));
#960 = ( GEOMETRIC_REPRESENTATION_CONTEXT(2) 
PARAMETRIC_REPRESENTATION_CONTEXT() REPRESENTATION_CONTEXT('2D SPACE',''
  ) );
#961 = PCURVE('',#835,#962);
#962 = DEFINITIONAL_REPRESENTATION('',(#963),#967);
#963 = LINE('',#964,#965);
#964 = CARTESIAN_POINT('',(0.,10.));
#965 = VECTOR('',#966,1.);
#966 = DIRECTION('',(1.,0.));
#967 = ( GEOMETRIC_REPRESENTATION_CONTEXT(2) 
PARAMETRIC_REPRESENTATION_CONTEXT() REPRESENTATION_CONTEXT('2D SPACE',''
  ) );
#968 = ORIENTED_EDGE('',*,*,#969,.T.);
#969 = EDGE_CURVE('',#947,#669,#970,.T.);
#970 = SURFACE_CURVE('',#971,(#975,#982),.PCURVE_S1.);
#971 = LINE('',#972,#973);
#972 = CARTESIAN_POINT('',(-60.,5.,-54.));
#973 = VECTOR('',#974,1.);
#974 = DIRECTION('',(0.,0.,1.));
#975 = PCURVE('',#684,#976);
#976 = DEFINITIONAL_REPRESENTATION('',(#977),#981);
#977 = LINE('',#978,#979);
#978 = CARTESIAN_POINT('',(0.,0.));
#979 = VECTOR('',#980,1.);
#980 = DIRECTION('',(1.,0.));
#981 = ( GEOMETRIC_REPRESENTATION_CONTEXT(2) 
PARAMETRIC_REPRESENTATION_CONTEXT() REPRESENTATION_CONTEXT('2D SPACE',''
  ) );
#982 = PCURVE('',#713,#983);
#983 = DEFINITIONAL_REPRESENTATION('',(#984),#988);
#984 = LINE('',#985,#986);
#985 = CARTESIAN_POINT('',(1.570796326795,0.));
#986 = VECTOR('',#987,1.);
#987 = DIRECTION('',(0.,1.));
#988 = ( GEOMETRIC_REPRESENTATION_CONTEXT(2) 
PARAMETRIC_REPRESENTATION_CONTEXT() REPRESENTATION_CONTEXT('2D SPACE',''
  ) );
#989 = ORIENTED_EDGE('',*,*,#668,.T.);
#990 = ORIENTED_EDGE('',*,*,#851,.F.);
#991 = ADVANCED_FACE('',(#992),#713,.T.);
#992 = FACE_BOUND('',#993,.T.);
#993 = EDGE_LOOP('',(#994,#995,#996,#1018));
#994 = ORIENTED_EDGE('',*,*,#696,.F.);
#995 = ORIENTED_EDGE('',*,*,#969,.F.);
#996 = ORIENTED_EDGE('',*,*,#997,.T.);
#997 = EDGE_CURVE('',#947,#898,#998,.T.);
#998 = SURFACE_CURVE('',#999,(#1004,#1011),.PCURVE_S1.);
#999 = CIRCLE('',#1000,5.);
#1000 = AXIS2_PLACEMENT_3D('',#1001,#1002,#1003);
#1001 = CARTESIAN_POINT('',(-60.,0.,-54.));
#1002 = DIRECTION('',(0.,0.,1.));
#1003 = DIRECTION('',(1.,0.,0.));
#1004 = PCURVE('',#713,#1005);
#1005 = DEFINITIONAL_REPRESENTATION('',(#1006),#1010);
#1006 = LINE('',#1007,#1008);
#1007 = CARTESIAN_POINT('',(0.,0.));
#1008 = VECTOR('',#1009,1.);
#1009 = DIRECTION('',(1.,0.));
#1010 = ( GEOMETRIC_REPRESENTATION_CONTEXT(2) 
PARAMETRIC_REPRESENTATION_CONTEXT() REPRESENTATION_CONTEXT('2D SPACE',''
  ) );
#1011 = PCURVE('',#835,#1012);
#1012 = DEFINITIONAL_REPRESENTATION('',(#1013),#1017);
#1013 = CIRCLE('',#1014,5.);
#1014 = AXIS2_PLACEMENT_2D('',#1015,#1016);
#1015 = CARTESIAN_POINT('',(0.,5.));
#1016 = DIRECTION('',(1.,0.));
#1017 = ( GEOMETRIC_REPRESENTATION_CONTEXT(2) 
PARAMETRIC_REPRESENTATION_CONTEXT() REPRESENTATION_CONTEXT('2D SPACE',''
  ) );
#1018 = ORIENTED_EDGE('',*,*,#920,.T.);
#1019 = ADVANCED_FACE('',(#1020),#770,.F.);
#1020 = FACE_BOUND('',#1021,.F.);
#1021 = EDGE_LOOP('',(#1022,#1023,#1046,#1068));
#1022 = ORIENTED_EDGE('',*,*,#753,.F.);
#1023 = ORIENTED_EDGE('',*,*,#1024,.F.);
#1024 = EDGE_CURVE('',#1025,#754,#1027,.T.);
#1025 = VERTEX_POINT('',#1026);
#1026 = CARTESIAN_POINT('',(-58.,-4.898587196589E-16,-54.));
#1027 = SEAM_CURVE('',#1028,(#1032,#1039),.PCURVE_S1.);
#1028 = LINE('',#1029,#1030);
#1029 = CARTESIAN_POINT('',(-58.,-4.898587196589E-16,-55.));
#1030 = VECTOR('',#1031,1.);
#1031 = DIRECTION('',(0.,0.,1.));
#1032 = PCURVE('',#770,#1033);
#1033 = DEFINITIONAL_REPRESENTATION('',(#1034),#1038);
#1034 = LINE('',#1035,#1036);
#1035 = CARTESIAN_POINT('',(6.28318530718,-0.));
#1036 = VECTOR('',#1037,1.);
#1037 = DIRECTION('',(0.,1.));
#1038 = ( GEOMETRIC_REPRESENTATION_CONTEXT(2) 
PARAMETRIC_REPRESENTATION_CONTEXT() REPRESENTATION_CONTEXT('2D SPACE',''
  ) );
#1039 = PCURVE('',#770,#1040);
#1040 = DEFINITIONAL_REPRESENTATION('',(#1041),#1045);
#1041 = LINE('',#1042,#1043);
#1042 = CARTESIAN_POINT('',(0.,-0.));
#1043 = VECTOR('',#1044,1.);
#1044 = DIRECTION('',(0.,1.));
#1045 = ( GEOMETRIC_REPRESENTATION_CONTEXT(2) 
PARAMETRIC_REPRESENTATION_CONTEXT() REPRESENTATION_CONTEXT('2D SPACE',''
  ) );
#1046 = ORIENTED_EDGE('',*,*,#1047,.T.);
#1047 = EDGE_CURVE('',#1025,#1025,#1048,.T.);
#1048 = SURFACE_CURVE('',#1049,(#1054,#1061),.PCURVE_S1.);
#1049 = CIRCLE('',#1050,2.);
#1050 = AXIS2_PLACEMENT_3D('',#1051,#1052,#1053);
#1051 = CARTESIAN_POINT('',(-60.,0.,-54.));
#1052 = DIRECTION('',(0.,0.,1.));
#1053 = DIRECTION('',(1.,0.,-0.));
#1054 = PCURVE('',#770,#1055);
#1055 = DEFINITIONAL_REPRESENTATION('',(#1056),#1060);
#1056 = LINE('',#1057,#1058);
#1057 = CARTESIAN_POINT('',(0.,1.));
#1058 = VECTOR('',#1059,1.);
#1059 = DIRECTION('',(1.,0.));
#1060 = ( GEOMETRIC_REPRESENTATION_CONTEXT(2) 
PARAMETRIC_REPRESENTATION_CONTEXT() REPRESENTATION_CONTEXT('2D SPACE',''
  ) );
#1061 = PCURVE('',#835,#1062);
#1062 = DEFINITIONAL_REPRESENTATION('',(#1063),#1067);
#1063 = CIRCLE('',#1064,2.);
#1064 = AXIS2_PLACEMENT_2D('',#1065,#1066);
#1065 = CARTESIAN_POINT('',(0.,5.));
#1066 = DIRECTION('',(1.,0.));
#1067 = ( GEOMETRIC_REPRESENTATION_CONTEXT(2) 
PARAMETRIC_REPRESENTATION_CONTEXT() REPRESENTATION_CONTEXT('2D SPACE',''
  ) );
#1068 = ORIENTED_EDGE('',*,*,#1024,.T.);
#1069 = ADVANCED_FACE('',(#1070),#801,.F.);
#1070 = FACE_BOUND('',#1071,.F.);
#1071 = EDGE_LOOP('',(#1072,#1073,#1096,#1118));
#1072 = ORIENTED_EDGE('',*,*,#784,.F.);
#1073 = ORIENTED_EDGE('',*,*,#1074,.F.);
#1074 = EDGE_CURVE('',#1075,#785,#1077,.T.);
#1075 = VERTEX_POINT('',#1076);
#1076 = CARTESIAN_POINT('',(2.,-4.898587196589E-16,-54.));
#1077 = SEAM_CURVE('',#1078,(#1082,#1089),.PCURVE_S1.);
#1078 = LINE('',#1079,#1080);
#1079 = CARTESIAN_POINT('',(2.,-4.898587196589E-16,-55.));
#1080 = VECTOR('',#1081,1.);
#1081 = DIRECTION('',(0.,0.,1.));
#1082 = PCURVE('',#801,#1083);
#1083 = DEFINITIONAL_REPRESENTATION('',(#1084),#1088);
#1084 = LINE('',#1085,#1086);
#1085 = CARTESIAN_POINT('',(6.28318530718,-0.));
#1086 = VECTOR('',#1087,1.);
#1087 = DIRECTION('',(0.,1.));
#1088 = ( GEOMETRIC_REPRESENTATION_CONTEXT(2) 
PARAMETRIC_REPRESENTATION_CONTEXT() REPRESENTATION_CONTEXT('2D SPACE',''
  ) );
#1089 = PCURVE('',#801,#1090);
#1090 = DEFINITIONAL_REPRESENTATION('',(#1091),#1095);
#1091 = LINE('',#1092,#1093);
#1092 = CARTESIAN_POINT('',(0.,-0.));
#1093 = VECTOR('',#1094,1.);
#1094 = DIRECTION('',(0.,1.));
#1095 = ( GEOMETRIC_REPRESENTATION_CONTEXT(2) 
PARAMETRIC_REPRESENTATION_CONTEXT() REPRESENTATION_CONTEXT('2D SPACE',''
  ) );
#1096 = ORIENTED_EDGE('',*,*,#1097,.T.);
#1097 = EDGE_CURVE('',#1075,#1075,#1098,.T.);
#1098 = SURFACE_CURVE('',#1099,(#1104,#1111),.PCURVE_S1.);
#1099 = CIRCLE('',#1100,2.);
#1100 = AXIS2_PLACEMENT_3D('',#1101,#1102,#1103);
#1101 = CARTESIAN_POINT('',(0.,0.,-54.));
#1102 = DIRECTION('',(0.,0.,1.));
#1103 = DIRECTION('',(1.,0.,-0.));
#1104 = PCURVE('',#801,#1105);
#1105 = DEFINITIONAL_REPRESENTATION('',(#1106),#1110);
#1106 = LINE('',#1107,#1108);
#1107 = CARTESIAN_POINT('',(0.,1.));
#1108 = VECTOR('',#1109,1.);
#1109 = DIRECTION('',(1.,0.));
#1110 = ( GEOMETRIC_REPRESENTATION_CONTEXT(2) 
PARAMETRIC_REPRESENTATION_CONTEXT() REPRESENTATION_CONTEXT('2D SPACE',''
  ) );
#1111 = PCURVE('',#835,#1112);
#1112 = DEFINITIONAL_REPRESENTATION('',(#1113),#1117);
#1113 = CIRCLE('',#1114,2.);
#1114 = AXIS2_PLACEMENT_2D('',#1115,#1116);
#1115 = CARTESIAN_POINT('',(60.,5.));
#1116 = DIRECTION('',(1.,0.));
#1117 = ( GEOMETRIC_REPRESENTATION_CONTEXT(2) 
PARAMETRIC_REPRESENTATION_CONTEXT() REPRESENTATION_CONTEXT('2D SPACE',''
  ) );
#1118 = ORIENTED_EDGE('',*,*,#1074,.T.);
#1119 = ADVANCED_FACE('',(#1120,#1126,#1129),#835,.F.);
#1120 = FACE_BOUND('',#1121,.F.);
#1121 = EDGE_LOOP('',(#1122,#1123,#1124,#1125));
#1122 = ORIENTED_EDGE('',*,*,#816,.F.);
#1123 = ORIENTED_EDGE('',*,*,#946,.F.);
#1124 = ORIENTED_EDGE('',*,*,#997,.T.);
#1125 = ORIENTED_EDGE('',*,*,#897,.T.);
#1126 = FACE_BOUND('',#1127,.F.);
#1127 = EDGE_LOOP('',(#1128));
#1128 = ORIENTED_EDGE('',*,*,#1047,.F.);
#1129 = FACE_BOUND('',#1130,.F.);
#1130 = EDGE_LOOP('',(#1131));
#1131 = ORIENTED_EDGE('',*,*,#1097,.F.);
#1132 = ( GEOMETRIC_REPRESENTATION_CONTEXT(3) 
GLOBAL_UNCERTAINTY_ASSIGNED_CONTEXT((#1136)) 
GLOBAL_UNIT_ASSIGNED_CONTEXT((#1133,#1134,#1135)) REPRESENTATION_CONTEXT
('Context #1','3D Context with UNIT and UNCERTAINTY') );
#1133 = ( LENGTH_UNIT() NAMED_UNIT(*) SI_UNIT(.MILLI.,.METRE.) );
#1134 = ( NAMED_UNIT(*) PLANE_ANGLE_UNIT() SI_UNIT($,.RADIAN.) );
#1135 = ( NAMED_UNIT(*) SI_UNIT($,.STERADIAN.) SOLID_ANGLE_UNIT() );
#1136 = UNCERTAINTY_MEASURE_WITH_UNIT(LENGTH_MEASURE(1.E-07),#1133,
  'distance_accuracy_value','confusion accuracy');
#1137 = CONTEXT_DEPENDENT_SHAPE_REPRESENTATION(#1138,#1140);
#1138 = ( REPRESENTATION_RELATIONSHIP('','',#625,#10) 
REPRESENTATION_RELATIONSHIP_WITH_TRANSFORMATION(#1139) 
SHAPE_REPRESENTATION_RELATIONSHIP() );
#1139 = ITEM_DEFINED_TRANSFORMATION('','',#11,#19);
#1140 = PRODUCT_DEFINITION_SHAPE('Placement','Placement of an item',
  #1141);
#1141 = NEXT_ASSEMBLY_USAGE_OCCURRENCE('493','=>[0:1:1:3]','',#5,#620,$
  );
#1142 = PRODUCT_RELATED_PRODUCT_CATEGORY('part',$,(#622));
#1143 = SHAPE_DEFINITION_REPRESENTATION(#1144,#1150);
#1144 = PRODUCT_DEFINITION_SHAPE('','',#1145);
#1145 = PRODUCT_DEFINITION('design','',#1146,#1149);
#1146 = PRODUCT_DEFINITION_FORMATION('','',#1147);
#1147 = PRODUCT('central_axis','central_axis','',(#1148));
#1148 = PRODUCT_CONTEXT('',#2,'mechanical');
#1149 = PRODUCT_DEFINITION_CONTEXT('part definition',#2,'design');
#1150 = SHAPE_REPRESENTATION('',(#11,#1151,#1155),#1159);
#1151 = AXIS2_PLACEMENT_3D('',#1152,#1153,#1154);
#1152 = CARTESIAN_POINT('',(0.,0.,0.));
#1153 = DIRECTION('',(0.,0.,1.));
#1154 = DIRECTION('',(1.,0.,-0.));
#1155 = AXIS2_PLACEMENT_3D('',#1156,#1157,#1158);
#1156 = CARTESIAN_POINT('',(0.,0.,0.));
#1157 = DIRECTION('',(0.,0.,1.));
#1158 = DIRECTION('',(1.,0.,-0.));
#1159 = ( GEOMETRIC_REPRESENTATION_CONTEXT(3) 
GLOBAL_UNCERTAINTY_ASSIGNED_CONTEXT((#1163)) 
GLOBAL_UNIT_ASSIGNED_CONTEXT((#1160,#1161,#1162)) REPRESENTATION_CONTEXT
('Context #1','3D Context with UNIT and UNCERTAINTY') );
#1160 = ( LENGTH_UNIT() NAMED_UNIT(*) SI_UNIT(.MILLI.,.METRE.) );
#1161 = ( NAMED_UNIT(*) PLANE_ANGLE_UNIT() SI_UNIT($,.RADIAN.) );
#1162 = ( NAMED_UNIT(*) SI_UNIT($,.STERADIAN.) SOLID_ANGLE_UNIT() );
#1163 = UNCERTAINTY_MEASURE_WITH_UNIT(LENGTH_MEASURE(1.E-07),#1160,
  'distance_accuracy_value','confusion accuracy');
#1164 = CONTEXT_DEPENDENT_SHAPE_REPRESENTATION(#1165,#1167);
#1165 = ( REPRESENTATION_RELATIONSHIP('','',#1150,#10) 
REPRESENTATION_RELATIONSHIP_WITH_TRANSFORMATION(#1166) 
SHAPE_REPRESENTATION_RELATIONSHIP() );
#1166 = ITEM_DEFINED_TRANSFORMATION('','',#11,#23);
#1167 = PRODUCT_DEFINITION_SHAPE('Placement','Placement of an item',
  #1168);
#1168 = NEXT_ASSEMBLY_USAGE_OCCURRENCE('498','=>[0:1:1:4]','',#5,#1145,$
  );
#1169 = PRODUCT_RELATED_PRODUCT_CATEGORY('part',$,(#1147));
#1170 = SHAPE_DEFINITION_REPRESENTATION(#1171,#1177);
#1171 = PRODUCT_DEFINITION_SHAPE('','',#1172);
#1172 = PRODUCT_DEFINITION('design','',#1173,#1176);
#1173 = PRODUCT_DEFINITION_FORMATION('','',#1174);
#1174 = PRODUCT('ASSEMBLY','ASSEMBLY','',(#1175));
#1175 = PRODUCT_CONTEXT('',#2,'mechanical');
#1176 = PRODUCT_DEFINITION_CONTEXT('part definition',#2,'design');
#1177 = SHAPE_REPRESENTATION('',(#11,#1178),#1182);
#1178 = AXIS2_PLACEMENT_3D('',#1179,#1180,#1181);
#1179 = CARTESIAN_POINT('',(0.,0.,-9.));
#1180 = DIRECTION('',(0.,0.,1.));
#1181 = DIRECTION('',(1.,0.,0.));
#1182 = ( GEOMETRIC_REPRESENTATION_CONTEXT(3) 
GLOBAL_UNCERTAINTY_ASSIGNED_CONTEXT((#1186)) 
GLOBAL_UNIT_ASSIGNED_CONTEXT((#1183,#1184,#1185)) REPRESENTATION_CONTEXT
('Context #1','3D Context with UNIT and UNCERTAINTY') );
#1183 = ( LENGTH_UNIT() NAMED_UNIT(*) SI_UNIT(.MILLI.,.METRE.) );
#1184 = ( NAMED_UNIT(*) PLANE_ANGLE_UNIT() SI_UNIT($,.RADIAN.) );
#1185 = ( NAMED_UNIT(*) SI_UNIT($,.STERADIAN.) SOLID_ANGLE_UNIT() );
#1186 = UNCERTAINTY_MEASURE_WITH_UNIT(LENGTH_MEASURE(1.E-07),#1183,
  'distance_accuracy_value','confusion accuracy');
#1187 = CONTEXT_DEPENDENT_SHAPE_REPRESENTATION(#1188,#1190);
#1188 = ( REPRESENTATION_RELATIONSHIP('','',#1177,#1150) 
REPRESENTATION_RELATIONSHIP_WITH_TRANSFORMATION(#1189) 
SHAPE_REPRESENTATION_RELATIONSHIP() );
#1189 = ITEM_DEFINED_TRANSFORMATION('','',#11,#1151);
#1190 = PRODUCT_DEFINITION_SHAPE('Placement','Placement of an item',
  #1191);
#1191 = NEXT_ASSEMBLY_USAGE_OCCURRENCE('495','=>[0:1:1:5]','',#1145,
  #1172,$);
#1192 = PRODUCT_RELATED_PRODUCT_CATEGORY('part',$,(#1174));
#1193 = SHAPE_DEFINITION_REPRESENTATION(#1194,#1200);
#1194 = PRODUCT_DEFINITION_SHAPE('','',#1195);
#1195 = PRODUCT_DEFINITION('design','',#1196,#1199);
#1196 = PRODUCT_DEFINITION_FORMATION('','',#1197);
#1197 = PRODUCT('SOLID','SOLID','',(#1198));
#1198 = PRODUCT_CONTEXT('',#2,'mechanical');
#1199 = PRODUCT_DEFINITION_CONTEXT('part definition',#2,'design');
#1200 = ADVANCED_BREP_SHAPE_REPRESENTATION('',(#11,#1201),#1299);
#1201 = MANIFOLD_SOLID_BREP('',#1202);
#1202 = CLOSED_SHELL('',(#1203,#1291,#1295));
#1203 = ADVANCED_FACE('',(#1204),#1217,.T.);
#1204 = FACE_BOUND('',#1205,.T.);
#1205 = EDGE_LOOP('',(#1206,#1240,#1263,#1290));
#1206 = ORIENTED_EDGE('',*,*,#1207,.F.);
#1207 = EDGE_CURVE('',#1208,#1208,#1210,.T.);
#1208 = VERTEX_POINT('',#1209);
#1209 = CARTESIAN_POINT('',(-32.5,-6.123233995737E-16,-47.));
#1210 = SURFACE_CURVE('',#1211,(#1216,#1228),.PCURVE_S1.);
#1211 = CIRCLE('',#1212,2.5);
#1212 = AXIS2_PLACEMENT_3D('',#1213,#1214,#1215);
#1213 = CARTESIAN_POINT('',(-35.,0.,-47.));
#1214 = DIRECTION('',(0.,0.,1.));
#1215 = DIRECTION('',(1.,0.,0.));
#1216 = PCURVE('',#1217,#1222);
#1217 = CYLINDRICAL_SURFACE('',#1218,2.5);
#1218 = AXIS2_PLACEMENT_3D('',#1219,#1220,#1221);
#1219 = CARTESIAN_POINT('',(-35.,0.,-65.));
#1220 = DIRECTION('',(0.,0.,1.));
#1221 = DIRECTION('',(1.,0.,0.));
#1222 = DEFINITIONAL_REPRESENTATION('',(#1223),#1227);
#1223 = LINE('',#1224,#1225);
#1224 = CARTESIAN_POINT('',(0.,18.));
#1225 = VECTOR('',#1226,1.);
#1226 = DIRECTION('',(1.,0.));
#1227 = ( GEOMETRIC_REPRESENTATION_CONTEXT(2) 
PARAMETRIC_REPRESENTATION_CONTEXT() REPRESENTATION_CONTEXT('2D SPACE',''
  ) );
#1228 = PCURVE('',#1229,#1234);
#1229 = PLANE('',#1230);
#1230 = AXIS2_PLACEMENT_3D('',#1231,#1232,#1233);
#1231 = CARTESIAN_POINT('',(-35.,0.,-47.));
#1232 = DIRECTION('',(0.,0.,1.));
#1233 = DIRECTION('',(1.,0.,0.));
#1234 = DEFINITIONAL_REPRESENTATION('',(#1235),#1239);
#1235 = CIRCLE('',#1236,2.5);
#1236 = AXIS2_PLACEMENT_2D('',#1237,#1238);
#1237 = CARTESIAN_POINT('',(0.,0.));
#1238 = DIRECTION('',(1.,0.));
#1239 = ( GEOMETRIC_REPRESENTATION_CONTEXT(2) 
PARAMETRIC_REPRESENTATION_CONTEXT() REPRESENTATION_CONTEXT('2D SPACE',''
  ) );
#1240 = ORIENTED_EDGE('',*,*,#1241,.F.);
#1241 = EDGE_CURVE('',#1242,#1208,#1244,.T.);
#1242 = VERTEX_POINT('',#1243);
#1243 = CARTESIAN_POINT('',(-32.5,-6.123233995737E-16,-65.));
#1244 = SEAM_CURVE('',#1245,(#1249,#1256),.PCURVE_S1.);
#1245 = LINE('',#1246,#1247);
#1246 = CARTESIAN_POINT('',(-32.5,-6.123233995737E-16,-65.));
#1247 = VECTOR('',#1248,1.);
#1248 = DIRECTION('',(0.,0.,1.));
#1249 = PCURVE('',#1217,#1250);
#1250 = DEFINITIONAL_REPRESENTATION('',(#1251),#1255);
#1251 = LINE('',#1252,#1253);
#1252 = CARTESIAN_POINT('',(6.28318530718,-0.));
#1253 = VECTOR('',#1254,1.);
#1254 = DIRECTION('',(0.,1.));
#1255 = ( GEOMETRIC_REPRESENTATION_CONTEXT(2) 
PARAMETRIC_REPRESENTATION_CONTEXT() REPRESENTATION_CONTEXT('2D SPACE',''
  ) );
#1256 = PCURVE('',#1217,#1257);
#1257 = DEFINITIONAL_REPRESENTATION('',(#1258),#1262);
#1258 = LINE('',#1259,#1260);
#1259 = CARTESIAN_POINT('',(0.,-0.));
#1260 = VECTOR('',#1261,1.);
#1261 = DIRECTION('',(0.,1.));
#1262 = ( GEOMETRIC_REPRESENTATION_CONTEXT(2) 
PARAMETRIC_REPRESENTATION_CONTEXT() REPRESENTATION_CONTEXT('2D SPACE',''
  ) );
#1263 = ORIENTED_EDGE('',*,*,#1264,.T.);
#1264 = EDGE_CURVE('',#1242,#1242,#1265,.T.);
#1265 = SURFACE_CURVE('',#1266,(#1271,#1278),.PCURVE_S1.);
#1266 = CIRCLE('',#1267,2.5);
#1267 = AXIS2_PLACEMENT_3D('',#1268,#1269,#1270);
#1268 = CARTESIAN_POINT('',(-35.,0.,-65.));
#1269 = DIRECTION('',(0.,0.,1.));
#1270 = DIRECTION('',(1.,0.,0.));
#1271 = PCURVE('',#1217,#1272);
#1272 = DEFINITIONAL_REPRESENTATION('',(#1273),#1277);
#1273 = LINE('',#1274,#1275);
#1274 = CARTESIAN_POINT('',(0.,0.));
#1275 = VECTOR('',#1276,1.);
#1276 = DIRECTION('',(1.,0.));
#1277 = ( GEOMETRIC_REPRESENTATION_CONTEXT(2) 
PARAMETRIC_REPRESENTATION_CONTEXT() REPRESENTATION_CONTEXT('2D SPACE',''
  ) );
#1278 = PCURVE('',#1279,#1284);
#1279 = PLANE('',#1280);
#1280 = AXIS2_PLACEMENT_3D('',#1281,#1282,#1283);
#1281 = CARTESIAN_POINT('',(-35.,0.,-65.));
#1282 = DIRECTION('',(0.,0.,1.));
#1283 = DIRECTION('',(1.,0.,0.));
#1284 = DEFINITIONAL_REPRESENTATION('',(#1285),#1289);
#1285 = CIRCLE('',#1286,2.5);
#1286 = AXIS2_PLACEMENT_2D('',#1287,#1288);
#1287 = CARTESIAN_POINT('',(0.,0.));
#1288 = DIRECTION('',(1.,0.));
#1289 = ( GEOMETRIC_REPRESENTATION_CONTEXT(2) 
PARAMETRIC_REPRESENTATION_CONTEXT() REPRESENTATION_CONTEXT('2D SPACE',''
  ) );
#1290 = ORIENTED_EDGE('',*,*,#1241,.T.);
#1291 = ADVANCED_FACE('',(#1292),#1229,.T.);
#1292 = FACE_BOUND('',#1293,.T.);
#1293 = EDGE_LOOP('',(#1294));
#1294 = ORIENTED_EDGE('',*,*,#1207,.T.);
#1295 = ADVANCED_FACE('',(#1296),#1279,.F.);
#1296 = FACE_BOUND('',#1297,.T.);
#1297 = EDGE_LOOP('',(#1298));
#1298 = ORIENTED_EDGE('',*,*,#1264,.F.);
#1299 = ( GEOMETRIC_REPRESENTATION_CONTEXT(3) 
GLOBAL_UNCERTAINTY_ASSIGNED_CONTEXT((#1303)) 
GLOBAL_UNIT_ASSIGNED_CONTEXT((#1300,#1301,#1302)) REPRESENTATION_CONTEXT
('Context #1','3D Context with UNIT and UNCERTAINTY') );
#1300 = ( LENGTH_UNIT() NAMED_UNIT(*) SI_UNIT(.MILLI.,.METRE.) );
#1301 = ( NAMED_UNIT(*) PLANE_ANGLE_UNIT() SI_UNIT($,.RADIAN.) );
#1302 = ( NAMED_UNIT(*) SI_UNIT($,.STERADIAN.) SOLID_ANGLE_UNIT() );
#1303 = UNCERTAINTY_MEASURE_WITH_UNIT(LENGTH_MEASURE(1.E-07),#1300,
  'distance_accuracy_value','confusion accuracy');
#1304 = CONTEXT_DEPENDENT_SHAPE_REPRESENTATION(#1305,#1307);
#1305 = ( REPRESENTATION_RELATIONSHIP('','',#1200,#1177) 
REPRESENTATION_RELATIONSHIP_WITH_TRANSFORMATION(#1306) 
SHAPE_REPRESENTATION_RELATIONSHIP() );
#1306 = ITEM_DEFINED_TRANSFORMATION('','',#11,#1178);
#1307 = PRODUCT_DEFINITION_SHAPE('Placement','Placement of an item',
  #1308);
#1308 = NEXT_ASSEMBLY_USAGE_OCCURRENCE('494','=>[0:1:1:6]','',#1172,
  #1195,$);
#1309 = PRODUCT_RELATED_PRODUCT_CATEGORY('part',$,(#1197));
#1310 = SHAPE_DEFINITION_REPRESENTATION(#1311,#1317);
#1311 = PRODUCT_DEFINITION_SHAPE('','',#1312);
#1312 = PRODUCT_DEFINITION('design','',#1313,#1316);
#1313 = PRODUCT_DEFINITION_FORMATION('','',#1314);
#1314 = PRODUCT('ASSEMBLY','ASSEMBLY','',(#1315));
#1315 = PRODUCT_CONTEXT('',#2,'mechanical');
#1316 = PRODUCT_DEFINITION_CONTEXT('part definition',#2,'design');
#1317 = SHAPE_REPRESENTATION('',(#11,#1318),#1322);
#1318 = AXIS2_PLACEMENT_3D('',#1319,#1320,#1321);
#1319 = CARTESIAN_POINT('',(0.,0.,-1.25));
#1320 = DIRECTION('',(0.,0.,1.));
#1321 = DIRECTION('',(1.,0.,0.));
#1322 = ( GEOMETRIC_REPRESENTATION_CONTEXT(3) 
GLOBAL_UNCERTAINTY_ASSIGNED_CONTEXT((#1326)) 
GLOBAL_UNIT_ASSIGNED_CONTEXT((#1323,#1324,#1325)) REPRESENTATION_CONTEXT
('Context #1','3D Context with UNIT and UNCERTAINTY') );
#1323 = ( LENGTH_UNIT() NAMED_UNIT(*) SI_UNIT(.MILLI.,.METRE.) );
#1324 = ( NAMED_UNIT(*) PLANE_ANGLE_UNIT() SI_UNIT($,.RADIAN.) );
#1325 = ( NAMED_UNIT(*) SI_UNIT($,.STERADIAN.) SOLID_ANGLE_UNIT() );
#1326 = UNCERTAINTY_MEASURE_WITH_UNIT(LENGTH_MEASURE(1.E-07),#1323,
  'distance_accuracy_value','confusion accuracy');
#1327 = CONTEXT_DEPENDENT_SHAPE_REPRESENTATION(#1328,#1330);
#1328 = ( REPRESENTATION_RELATIONSHIP('','',#1317,#1150) 
REPRESENTATION_RELATIONSHIP_WITH_TRANSFORMATION(#1329) 
SHAPE_REPRESENTATION_RELATIONSHIP() );
#1329 = ITEM_DEFINED_TRANSFORMATION('','',#11,#1155);
#1330 = PRODUCT_DEFINITION_SHAPE('Placement','Placement of an item',
  #1331);
#1331 = NEXT_ASSEMBLY_USAGE_OCCURRENCE('497','=>[0:1:1:7]','',#1145,
  #1312,$);
#1332 = PRODUCT_RELATED_PRODUCT_CATEGORY('part',$,(#1314));
#1333 = SHAPE_DEFINITION_REPRESENTATION(#1334,#1340);
#1334 = PRODUCT_DEFINITION_SHAPE('','',#1335);
#1335 = PRODUCT_DEFINITION('design','',#1336,#1339);
#1336 = PRODUCT_DEFINITION_FORMATION('','',#1337);
#1337 = PRODUCT('SOLID','SOLID','',(#1338));
#1338 = PRODUCT_CONTEXT('',#2,'mechanical');
#1339 = PRODUCT_DEFINITION_CONTEXT('part definition',#2,'design');
#1340 = ADVANCED_BREP_SHAPE_REPRESENTATION('',(#11,#1341),#1439);
#1341 = MANIFOLD_SOLID_BREP('',#1342);
#1342 = CLOSED_SHELL('',(#1343,#1431,#1435));
#1343 = ADVANCED_FACE('',(#1344),#1357,.T.);
#1344 = FACE_BOUND('',#1345,.T.);
#1345 = EDGE_LOOP('',(#1346,#1380,#1403,#1430));
#1346 = ORIENTED_EDGE('',*,*,#1347,.F.);
#1347 = EDGE_CURVE('',#1348,#1348,#1350,.T.);
#1348 = VERTEX_POINT('',#1349);
#1349 = CARTESIAN_POINT('',(-30.5,-1.102182119233E-15,-52.25));
#1350 = SURFACE_CURVE('',#1351,(#1356,#1368),.PCURVE_S1.);
#1351 = CIRCLE('',#1352,4.5);
#1352 = AXIS2_PLACEMENT_3D('',#1353,#1354,#1355);
#1353 = CARTESIAN_POINT('',(-35.,0.,-52.25));
#1354 = DIRECTION('',(0.,0.,1.));
#1355 = DIRECTION('',(1.,0.,0.));
#1356 = PCURVE('',#1357,#1362);
#1357 = CYLINDRICAL_SURFACE('',#1358,4.5);
#1358 = AXIS2_PLACEMENT_3D('',#1359,#1360,#1361);
#1359 = CARTESIAN_POINT('',(-35.,0.,-54.75));
#1360 = DIRECTION('',(0.,0.,1.));
#1361 = DIRECTION('',(1.,0.,0.));
#1362 = DEFINITIONAL_REPRESENTATION('',(#1363),#1367);
#1363 = LINE('',#1364,#1365);
#1364 = CARTESIAN_POINT('',(0.,2.5));
#1365 = VECTOR('',#1366,1.);
#1366 = DIRECTION('',(1.,0.));
#1367 = ( GEOMETRIC_REPRESENTATION_CONTEXT(2) 
PARAMETRIC_REPRESENTATION_CONTEXT() REPRESENTATION_CONTEXT('2D SPACE',''
  ) );
#1368 = PCURVE('',#1369,#1374);
#1369 = PLANE('',#1370);
#1370 = AXIS2_PLACEMENT_3D('',#1371,#1372,#1373);
#1371 = CARTESIAN_POINT('',(-35.,0.,-52.25));
#1372 = DIRECTION('',(0.,0.,1.));
#1373 = DIRECTION('',(1.,0.,0.));
#1374 = DEFINITIONAL_REPRESENTATION('',(#1375),#1379);
#1375 = CIRCLE('',#1376,4.5);
#1376 = AXIS2_PLACEMENT_2D('',#1377,#1378);
#1377 = CARTESIAN_POINT('',(0.,0.));
#1378 = DIRECTION('',(1.,0.));
#1379 = ( GEOMETRIC_REPRESENTATION_CONTEXT(2) 
PARAMETRIC_REPRESENTATION_CONTEXT() REPRESENTATION_CONTEXT('2D SPACE',''
  ) );
#1380 = ORIENTED_EDGE('',*,*,#1381,.F.);
#1381 = EDGE_CURVE('',#1382,#1348,#1384,.T.);
#1382 = VERTEX_POINT('',#1383);
#1383 = CARTESIAN_POINT('',(-30.5,-1.102182119233E-15,-54.75));
#1384 = SEAM_CURVE('',#1385,(#1389,#1396),.PCURVE_S1.);
#1385 = LINE('',#1386,#1387);
#1386 = CARTESIAN_POINT('',(-30.5,-1.102182119233E-15,-54.75));
#1387 = VECTOR('',#1388,1.);
#1388 = DIRECTION('',(0.,0.,1.));
#1389 = PCURVE('',#1357,#1390);
#1390 = DEFINITIONAL_REPRESENTATION('',(#1391),#1395);
#1391 = LINE('',#1392,#1393);
#1392 = CARTESIAN_POINT('',(6.28318530718,-0.));
#1393 = VECTOR('',#1394,1.);
#1394 = DIRECTION('',(0.,1.));
#1395 = ( GEOMETRIC_REPRESENTATION_CONTEXT(2) 
PARAMETRIC_REPRESENTATION_CONTEXT() REPRESENTATION_CONTEXT('2D SPACE',''
  ) );
#1396 = PCURVE('',#1357,#1397);
#1397 = DEFINITIONAL_REPRESENTATION('',(#1398),#1402);
#1398 = LINE('',#1399,#1400);
#1399 = CARTESIAN_POINT('',(0.,-0.));
#1400 = VECTOR('',#1401,1.);
#1401 = DIRECTION('',(0.,1.));
#1402 = ( GEOMETRIC_REPRESENTATION_CONTEXT(2) 
PARAMETRIC_REPRESENTATION_CONTEXT() REPRESENTATION_CONTEXT('2D SPACE',''
  ) );
#1403 = ORIENTED_EDGE('',*,*,#1404,.T.);
#1404 = EDGE_CURVE('',#1382,#1382,#1405,.T.);
#1405 = SURFACE_CURVE('',#1406,(#1411,#1418),.PCURVE_S1.);
#1406 = CIRCLE('',#1407,4.5);
#1407 = AXIS2_PLACEMENT_3D('',#1408,#1409,#1410);
#1408 = CARTESIAN_POINT('',(-35.,0.,-54.75));
#1409 = DIRECTION('',(0.,0.,1.));
#1410 = DIRECTION('',(1.,0.,0.));
#1411 = PCURVE('',#1357,#1412);
#1412 = DEFINITIONAL_REPRESENTATION('',(#1413),#1417);
#1413 = LINE('',#1414,#1415);
#1414 = CARTESIAN_POINT('',(0.,0.));
#1415 = VECTOR('',#1416,1.);
#1416 = DIRECTION('',(1.,0.));
#1417 = ( GEOMETRIC_REPRESENTATION_CONTEXT(2) 
PARAMETRIC_REPRESENTATION_CONTEXT() REPRESENTATION_CONTEXT('2D SPACE',''
  ) );
#1418 = PCURVE('',#1419,#1424);
#1419 = PLANE('',#1420);
#1420 = AXIS2_PLACEMENT_3D('',#1421,#1422,#1423);
#1421 = CARTESIAN_POINT('',(-35.,0.,-54.75));
#1422 = DIRECTION('',(0.,0.,1.));
#1423 = DIRECTION('',(1.,0.,0.));
#1424 = DEFINITIONAL_REPRESENTATION('',(#1425),#1429);
#1425 = CIRCLE('',#1426,4.5);
#1426 = AXIS2_PLACEMENT_2D('',#1427,#1428);
#1427 = CARTESIAN_POINT('',(0.,0.));
#1428 = DIRECTION('',(1.,0.));
#1429 = ( GEOMETRIC_REPRESENTATION_CONTEXT(2) 
PARAMETRIC_REPRESENTATION_CONTEXT() REPRESENTATION_CONTEXT('2D SPACE',''
  ) );
#1430 = ORIENTED_EDGE('',*,*,#1381,.T.);
#1431 = ADVANCED_FACE('',(#1432),#1369,.T.);
#1432 = FACE_BOUND('',#1433,.T.);
#1433 = EDGE_LOOP('',(#1434));
#1434 = ORIENTED_EDGE('',*,*,#1347,.T.);
#1435 = ADVANCED_FACE('',(#1436),#1419,.F.);
#1436 = FACE_BOUND('',#1437,.T.);
#1437 = EDGE_LOOP('',(#1438));
#1438 = ORIENTED_EDGE('',*,*,#1404,.F.);
#1439 = ( GEOMETRIC_REPRESENTATION_CONTEXT(3) 
GLOBAL_UNCERTAINTY_ASSIGNED_CONTEXT((#1443)) 
GLOBAL_UNIT_ASSIGNED_CONTEXT((#1440,#1441,#1442)) REPRESENTATION_CONTEXT
('Context #1','3D Context with UNIT and UNCERTAINTY') );
#1440 = ( LENGTH_UNIT() NAMED_UNIT(*) SI_UNIT(.MILLI.,.METRE.) );
#1441 = ( NAMED_UNIT(*) PLANE_ANGLE_UNIT() SI_UNIT($,.RADIAN.) );
#1442 = ( NAMED_UNIT(*) SI_UNIT($,.STERADIAN.) SOLID_ANGLE_UNIT() );
#1443 = UNCERTAINTY_MEASURE_WITH_UNIT(LENGTH_MEASURE(1.E-07),#1440,
  'distance_accuracy_value','confusion accuracy');
#1444 = CONTEXT_DEPENDENT_SHAPE_REPRESENTATION(#1445,#1447);
#1445 = ( REPRESENTATION_RELATIONSHIP('','',#1340,#1317) 
REPRESENTATION_RELATIONSHIP_WITH_TRANSFORMATION(#1446) 
SHAPE_REPRESENTATION_RELATIONSHIP() );
#1446 = ITEM_DEFINED_TRANSFORMATION('','',#11,#1318);
#1447 = PRODUCT_DEFINITION_SHAPE('Placement','Placement of an item',
  #1448);
#1448 = NEXT_ASSEMBLY_USAGE_OCCURRENCE('496','=>[0:1:1:8]','',#1312,
  #1335,$);
#1449 = PRODUCT_RELATED_PRODUCT_CATEGORY('part',$,(#1337));
#1450 = SHAPE_DEFINITION_REPRESENTATION(#1451,#1457);
#1451 = PRODUCT_DEFINITION_SHAPE('','',#1452);
#1452 = PRODUCT_DEFINITION('design','',#1453,#1456);
#1453 = PRODUCT_DEFINITION_FORMATION('','',#1454);
#1454 = PRODUCT('first_pivot_axis','first_pivot_axis','',(#1455));
#1455 = PRODUCT_CONTEXT('',#2,'mechanical');
#1456 = PRODUCT_DEFINITION_CONTEXT('part definition',#2,'design');
#1457 = SHAPE_REPRESENTATION('',(#11,#1458,#1462),#1466);
#1458 = AXIS2_PLACEMENT_3D('',#1459,#1460,#1461);
#1459 = CARTESIAN_POINT('',(0.,0.,0.));
#1460 = DIRECTION('',(0.,0.,1.));
#1461 = DIRECTION('',(1.,0.,-0.));
#1462 = AXIS2_PLACEMENT_3D('',#1463,#1464,#1465);
#1463 = CARTESIAN_POINT('',(0.,0.,0.));
#1464 = DIRECTION('',(0.,0.,1.));
#1465 = DIRECTION('',(1.,0.,-0.));
#1466 = ( GEOMETRIC_REPRESENTATION_CONTEXT(3) 
GLOBAL_UNCERTAINTY_ASSIGNED_CONTEXT((#1470)) 
GLOBAL_UNIT_ASSIGNED_CONTEXT((#1467,#1468,#1469)) REPRESENTATION_CONTEXT
('Context #1','3D Context with UNIT and UNCERTAINTY') );
#1467 = ( LENGTH_UNIT() NAMED_UNIT(*) SI_UNIT(.MILLI.,.METRE.) );
#1468 = ( NAMED_UNIT(*) PLANE_ANGLE_UNIT() SI_UNIT($,.RADIAN.) );
#1469 = ( NAMED_UNIT(*) SI_UNIT($,.STERADIAN.) SOLID_ANGLE_UNIT() );
#1470 = UNCERTAINTY_MEASURE_WITH_UNIT(LENGTH_MEASURE(1.E-07),#1467,
  'distance_accuracy_value','confusion accuracy');
#1471 = CONTEXT_DEPENDENT_SHAPE_REPRESENTATION(#1472,#1474);
#1472 = ( REPRESENTATION_RELATIONSHIP('','',#1457,#10) 
REPRESENTATION_RELATIONSHIP_WITH_TRANSFORMATION(#1473) 
SHAPE_REPRESENTATION_RELATIONSHIP() );
#1473 = ITEM_DEFINED_TRANSFORMATION('','',#11,#27);
#1474 = PRODUCT_DEFINITION_SHAPE('Placement','Placement of an item',
  #1475);
#1475 = NEXT_ASSEMBLY_USAGE_OCCURRENCE('503','=>[0:1:1:9]','',#5,#1452,$
  );
#1476 = PRODUCT_RELATED_PRODUCT_CATEGORY('part',$,(#1454));
#1477 = SHAPE_DEFINITION_REPRESENTATION(#1478,#1484);
#1478 = PRODUCT_DEFINITION_SHAPE('','',#1479);
#1479 = PRODUCT_DEFINITION('design','',#1480,#1483);
#1480 = PRODUCT_DEFINITION_FORMATION('','',#1481);
#1481 = PRODUCT('ASSEMBLY','ASSEMBLY','',(#1482));
#1482 = PRODUCT_CONTEXT('',#2,'mechanical');
#1483 = PRODUCT_DEFINITION_CONTEXT('part definition',#2,'design');
#1484 = SHAPE_REPRESENTATION('',(#11,#1485),#1489);
#1485 = AXIS2_PLACEMENT_3D('',#1486,#1487,#1488);
#1486 = CARTESIAN_POINT('',(0.,0.,-9.));
#1487 = DIRECTION('',(0.,0.,1.));
#1488 = DIRECTION('',(1.,0.,0.));
#1489 = ( GEOMETRIC_REPRESENTATION_CONTEXT(3) 
GLOBAL_UNCERTAINTY_ASSIGNED_CONTEXT((#1493)) 
GLOBAL_UNIT_ASSIGNED_CONTEXT((#1490,#1491,#1492)) REPRESENTATION_CONTEXT
('Context #1','3D Context with UNIT and UNCERTAINTY') );
#1490 = ( LENGTH_UNIT() NAMED_UNIT(*) SI_UNIT(.MILLI.,.METRE.) );
#1491 = ( NAMED_UNIT(*) PLANE_ANGLE_UNIT() SI_UNIT($,.RADIAN.) );
#1492 = ( NAMED_UNIT(*) SI_UNIT($,.STERADIAN.) SOLID_ANGLE_UNIT() );
#1493 = UNCERTAINTY_MEASURE_WITH_UNIT(LENGTH_MEASURE(1.E-07),#1490,
  'distance_accuracy_value','confusion accuracy');
#1494 = CONTEXT_DEPENDENT_SHAPE_REPRESENTATION(#1495,#1497);
#1495 = ( REPRESENTATION_RELATIONSHIP('','',#1484,#1457) 
REPRESENTATION_RELATIONSHIP_WITH_TRANSFORMATION(#1496) 
SHAPE_REPRESENTATION_RELATIONSHIP() );
#1496 = ITEM_DEFINED_TRANSFORMATION('','',#11,#1458);
#1497 = PRODUCT_DEFINITION_SHAPE('Placement','Placement of an item',
  #1498);
#1498 = NEXT_ASSEMBLY_USAGE_OCCURRENCE('500','=>[0:1:1:10]','',#1452,
  #1479,$);
#1499 = PRODUCT_RELATED_PRODUCT_CATEGORY('part',$,(#1481));
#1500 = SHAPE_DEFINITION_REPRESENTATION(#1501,#1507);
#1501 = PRODUCT_DEFINITION_SHAPE('','',#1502);
#1502 = PRODUCT_DEFINITION('design','',#1503,#1506);
#1503 = PRODUCT_DEFINITION_FORMATION('','',#1504);
#1504 = PRODUCT('SOLID','SOLID','',(#1505));
#1505 = PRODUCT_CONTEXT('',#2,'mechanical');
#1506 = PRODUCT_DEFINITION_CONTEXT('part definition',#2,'design');
#1507 = ADVANCED_BREP_SHAPE_REPRESENTATION('',(#11,#1508),#1606);
#1508 = MANIFOLD_SOLID_BREP('',#1509);
#1509 = CLOSED_SHELL('',(#1510,#1598,#1602));
#1510 = ADVANCED_FACE('',(#1511),#1524,.T.);
#1511 = FACE_BOUND('',#1512,.T.);
#1512 = EDGE_LOOP('',(#1513,#1547,#1570,#1597));
#1513 = ORIENTED_EDGE('',*,*,#1514,.F.);
#1514 = EDGE_CURVE('',#1515,#1515,#1517,.T.);
#1515 = VERTEX_POINT('',#1516);
#1516 = CARTESIAN_POINT('',(-2.5,-6.123233995737E-16,-17.));
#1517 = SURFACE_CURVE('',#1518,(#1523,#1535),.PCURVE_S1.);
#1518 = CIRCLE('',#1519,2.5);
#1519 = AXIS2_PLACEMENT_3D('',#1520,#1521,#1522);
#1520 = CARTESIAN_POINT('',(-5.,0.,-17.));
#1521 = DIRECTION('',(0.,0.,1.));
#1522 = DIRECTION('',(1.,0.,0.));
#1523 = PCURVE('',#1524,#1529);
#1524 = CYLINDRICAL_SURFACE('',#1525,2.5);
#1525 = AXIS2_PLACEMENT_3D('',#1526,#1527,#1528);
#1526 = CARTESIAN_POINT('',(-5.,0.,-35.));
#1527 = DIRECTION('',(0.,0.,1.));
#1528 = DIRECTION('',(1.,0.,0.));
#1529 = DEFINITIONAL_REPRESENTATION('',(#1530),#1534);
#1530 = LINE('',#1531,#1532);
#1531 = CARTESIAN_POINT('',(0.,18.));
#1532 = VECTOR('',#1533,1.);
#1533 = DIRECTION('',(1.,0.));
#1534 = ( GEOMETRIC_REPRESENTATION_CONTEXT(2) 
PARAMETRIC_REPRESENTATION_CONTEXT() REPRESENTATION_CONTEXT('2D SPACE',''
  ) );
#1535 = PCURVE('',#1536,#1541);
#1536 = PLANE('',#1537);
#1537 = AXIS2_PLACEMENT_3D('',#1538,#1539,#1540);
#1538 = CARTESIAN_POINT('',(-5.,0.,-17.));
#1539 = DIRECTION('',(0.,0.,1.));
#1540 = DIRECTION('',(1.,0.,0.));
#1541 = DEFINITIONAL_REPRESENTATION('',(#1542),#1546);
#1542 = CIRCLE('',#1543,2.5);
#1543 = AXIS2_PLACEMENT_2D('',#1544,#1545);
#1544 = CARTESIAN_POINT('',(0.,0.));
#1545 = DIRECTION('',(1.,0.));
#1546 = ( GEOMETRIC_REPRESENTATION_CONTEXT(2) 
PARAMETRIC_REPRESENTATION_CONTEXT() REPRESENTATION_CONTEXT('2D SPACE',''
  ) );
#1547 = ORIENTED_EDGE('',*,*,#1548,.F.);
#1548 = EDGE_CURVE('',#1549,#1515,#1551,.T.);
#1549 = VERTEX_POINT('',#1550);
#1550 = CARTESIAN_POINT('',(-2.5,-6.123233995737E-16,-35.));
#1551 = SEAM_CURVE('',#1552,(#1556,#1563),.PCURVE_S1.);
#1552 = LINE('',#1553,#1554);
#1553 = CARTESIAN_POINT('',(-2.5,-6.123233995737E-16,-35.));
#1554 = VECTOR('',#1555,1.);
#1555 = DIRECTION('',(0.,0.,1.));
#1556 = PCURVE('',#1524,#1557);
#1557 = DEFINITIONAL_REPRESENTATION('',(#1558),#1562);
#1558 = LINE('',#1559,#1560);
#1559 = CARTESIAN_POINT('',(6.28318530718,-0.));
#1560 = VECTOR('',#1561,1.);
#1561 = DIRECTION('',(0.,1.));
#1562 = ( GEOMETRIC_REPRESENTATION_CONTEXT(2) 
PARAMETRIC_REPRESENTATION_CONTEXT() REPRESENTATION_CONTEXT('2D SPACE',''
  ) );
#1563 = PCURVE('',#1524,#1564);
#1564 = DEFINITIONAL_REPRESENTATION('',(#1565),#1569);
#1565 = LINE('',#1566,#1567);
#1566 = CARTESIAN_POINT('',(0.,-0.));
#1567 = VECTOR('',#1568,1.);
#1568 = DIRECTION('',(0.,1.));
#1569 = ( GEOMETRIC_REPRESENTATION_CONTEXT(2) 
PARAMETRIC_REPRESENTATION_CONTEXT() REPRESENTATION_CONTEXT('2D SPACE',''
  ) );
#1570 = ORIENTED_EDGE('',*,*,#1571,.T.);
#1571 = EDGE_CURVE('',#1549,#1549,#1572,.T.);
#1572 = SURFACE_CURVE('',#1573,(#1578,#1585),.PCURVE_S1.);
#1573 = CIRCLE('',#1574,2.5);
#1574 = AXIS2_PLACEMENT_3D('',#1575,#1576,#1577);
#1575 = CARTESIAN_POINT('',(-5.,0.,-35.));
#1576 = DIRECTION('',(0.,0.,1.));
#1577 = DIRECTION('',(1.,0.,0.));
#1578 = PCURVE('',#1524,#1579);
#1579 = DEFINITIONAL_REPRESENTATION('',(#1580),#1584);
#1580 = LINE('',#1581,#1582);
#1581 = CARTESIAN_POINT('',(0.,0.));
#1582 = VECTOR('',#1583,1.);
#1583 = DIRECTION('',(1.,0.));
#1584 = ( GEOMETRIC_REPRESENTATION_CONTEXT(2) 
PARAMETRIC_REPRESENTATION_CONTEXT() REPRESENTATION_CONTEXT('2D SPACE',''
  ) );
#1585 = PCURVE('',#1586,#1591);
#1586 = PLANE('',#1587);
#1587 = AXIS2_PLACEMENT_3D('',#1588,#1589,#1590);
#1588 = CARTESIAN_POINT('',(-5.,0.,-35.));
#1589 = DIRECTION('',(0.,0.,1.));
#1590 = DIRECTION('',(1.,0.,0.));
#1591 = DEFINITIONAL_REPRESENTATION('',(#1592),#1596);
#1592 = CIRCLE('',#1593,2.5);
#1593 = AXIS2_PLACEMENT_2D('',#1594,#1595);
#1594 = CARTESIAN_POINT('',(0.,0.));
#1595 = DIRECTION('',(1.,0.));
#1596 = ( GEOMETRIC_REPRESENTATION_CONTEXT(2) 
PARAMETRIC_REPRESENTATION_CONTEXT() REPRESENTATION_CONTEXT('2D SPACE',''
  ) );
#1597 = ORIENTED_EDGE('',*,*,#1548,.T.);
#1598 = ADVANCED_FACE('',(#1599),#1536,.T.);
#1599 = FACE_BOUND('',#1600,.T.);
#1600 = EDGE_LOOP('',(#1601));
#1601 = ORIENTED_EDGE('',*,*,#1514,.T.);
#1602 = ADVANCED_FACE('',(#1603),#1586,.F.);
#1603 = FACE_BOUND('',#1604,.T.);
#1604 = EDGE_LOOP('',(#1605));
#1605 = ORIENTED_EDGE('',*,*,#1571,.F.);
#1606 = ( GEOMETRIC_REPRESENTATION_CONTEXT(3) 
GLOBAL_UNCERTAINTY_ASSIGNED_CONTEXT((#1610)) 
GLOBAL_UNIT_ASSIGNED_CONTEXT((#1607,#1608,#1609)) REPRESENTATION_CONTEXT
('Context #1','3D Context with UNIT and UNCERTAINTY') );
#1607 = ( LENGTH_UNIT() NAMED_UNIT(*) SI_UNIT(.MILLI.,.METRE.) );
#1608 = ( NAMED_UNIT(*) PLANE_ANGLE_UNIT() SI_UNIT($,.RADIAN.) );
#1609 = ( NAMED_UNIT(*) SI_UNIT($,.STERADIAN.) SOLID_ANGLE_UNIT() );
#1610 = UNCERTAINTY_MEASURE_WITH_UNIT(LENGTH_MEASURE(1.E-07),#1607,
  'distance_accuracy_value','confusion accuracy');
#1611 = CONTEXT_DEPENDENT_SHAPE_REPRESENTATION(#1612,#1614);
#1612 = ( REPRESENTATION_RELATIONSHIP('','',#1507,#1484) 
REPRESENTATION_RELATIONSHIP_WITH_TRANSFORMATION(#1613) 
SHAPE_REPRESENTATION_RELATIONSHIP() );
#1613 = ITEM_DEFINED_TRANSFORMATION('','',#11,#1485);
#1614 = PRODUCT_DEFINITION_SHAPE('Placement','Placement of an item',
  #1615);
#1615 = NEXT_ASSEMBLY_USAGE_OCCURRENCE('499','=>[0:1:1:11]','',#1479,
  #1502,$);
#1616 = PRODUCT_RELATED_PRODUCT_CATEGORY('part',$,(#1504));
#1617 = SHAPE_DEFINITION_REPRESENTATION(#1618,#1624);
#1618 = PRODUCT_DEFINITION_SHAPE('','',#1619);
#1619 = PRODUCT_DEFINITION('design','',#1620,#1623);
#1620 = PRODUCT_DEFINITION_FORMATION('','',#1621);
#1621 = PRODUCT('ASSEMBLY','ASSEMBLY','',(#1622));
#1622 = PRODUCT_CONTEXT('',#2,'mechanical');
#1623 = PRODUCT_DEFINITION_CONTEXT('part definition',#2,'design');
#1624 = SHAPE_REPRESENTATION('',(#11,#1625),#1629);
#1625 = AXIS2_PLACEMENT_3D('',#1626,#1627,#1628);
#1626 = CARTESIAN_POINT('',(0.,0.,-1.25));
#1627 = DIRECTION('',(0.,0.,1.));
#1628 = DIRECTION('',(1.,0.,0.));
#1629 = ( GEOMETRIC_REPRESENTATION_CONTEXT(3) 
GLOBAL_UNCERTAINTY_ASSIGNED_CONTEXT((#1633)) 
GLOBAL_UNIT_ASSIGNED_CONTEXT((#1630,#1631,#1632)) REPRESENTATION_CONTEXT
('Context #1','3D Context with UNIT and UNCERTAINTY') );
#1630 = ( LENGTH_UNIT() NAMED_UNIT(*) SI_UNIT(.MILLI.,.METRE.) );
#1631 = ( NAMED_UNIT(*) PLANE_ANGLE_UNIT() SI_UNIT($,.RADIAN.) );
#1632 = ( NAMED_UNIT(*) SI_UNIT($,.STERADIAN.) SOLID_ANGLE_UNIT() );
#1633 = UNCERTAINTY_MEASURE_WITH_UNIT(LENGTH_MEASURE(1.E-07),#1630,
  'distance_accuracy_value','confusion accuracy');
#1634 = CONTEXT_DEPENDENT_SHAPE_REPRESENTATION(#1635,#1637);
#1635 = ( REPRESENTATION_RELATIONSHIP('','',#1624,#1457) 
REPRESENTATION_RELATIONSHIP_WITH_TRANSFORMATION(#1636) 
SHAPE_REPRESENTATION_RELATIONSHIP() );
#1636 = ITEM_DEFINED_TRANSFORMATION('','',#11,#1462);
#1637 = PRODUCT_DEFINITION_SHAPE('Placement','Placement of an item',
  #1638);
#1638 = NEXT_ASSEMBLY_USAGE_OCCURRENCE('502','=>[0:1:1:12]','',#1452,
  #1619,$);
#1639 = PRODUCT_RELATED_PRODUCT_CATEGORY('part',$,(#1621));
#1640 = SHAPE_DEFINITION_REPRESENTATION(#1641,#1647);
#1641 = PRODUCT_DEFINITION_SHAPE('','',#1642);
#1642 = PRODUCT_DEFINITION('design','',#1643,#1646);
#1643 = PRODUCT_DEFINITION_FORMATION('','',#1644);
#1644 = PRODUCT('SOLID','SOLID','',(#1645));
#1645 = PRODUCT_CONTEXT('',#2,'mechanical');
#1646 = PRODUCT_DEFINITION_CONTEXT('part definition',#2,'design');
#1647 = ADVANCED_BREP_SHAPE_REPRESENTATION('',(#11,#1648),#1746);
#1648 = MANIFOLD_SOLID_BREP('',#1649);
#1649 = CLOSED_SHELL('',(#1650,#1738,#1742));
#1650 = ADVANCED_FACE('',(#1651),#1664,.T.);
#1651 = FACE_BOUND('',#1652,.T.);
#1652 = EDGE_LOOP('',(#1653,#1687,#1710,#1737));
#1653 = ORIENTED_EDGE('',*,*,#1654,.F.);
#1654 = EDGE_CURVE('',#1655,#1655,#1657,.T.);
#1655 = VERTEX_POINT('',#1656);
#1656 = CARTESIAN_POINT('',(-0.5,-1.102182119233E-15,-22.25));
#1657 = SURFACE_CURVE('',#1658,(#1663,#1675),.PCURVE_S1.);
#1658 = CIRCLE('',#1659,4.5);
#1659 = AXIS2_PLACEMENT_3D('',#1660,#1661,#1662);
#1660 = CARTESIAN_POINT('',(-5.,0.,-22.25));
#1661 = DIRECTION('',(0.,0.,1.));
#1662 = DIRECTION('',(1.,0.,0.));
#1663 = PCURVE('',#1664,#1669);
#1664 = CYLINDRICAL_SURFACE('',#1665,4.5);
#1665 = AXIS2_PLACEMENT_3D('',#1666,#1667,#1668);
#1666 = CARTESIAN_POINT('',(-5.,0.,-24.75));
#1667 = DIRECTION('',(0.,0.,1.));
#1668 = DIRECTION('',(1.,0.,0.));
#1669 = DEFINITIONAL_REPRESENTATION('',(#1670),#1674);
#1670 = LINE('',#1671,#1672);
#1671 = CARTESIAN_POINT('',(0.,2.5));
#1672 = VECTOR('',#1673,1.);
#1673 = DIRECTION('',(1.,0.));
#1674 = ( GEOMETRIC_REPRESENTATION_CONTEXT(2) 
PARAMETRIC_REPRESENTATION_CONTEXT() REPRESENTATION_CONTEXT('2D SPACE',''
  ) );
#1675 = PCURVE('',#1676,#1681);
#1676 = PLANE('',#1677);
#1677 = AXIS2_PLACEMENT_3D('',#1678,#1679,#1680);
#1678 = CARTESIAN_POINT('',(-5.,0.,-22.25));
#1679 = DIRECTION('',(0.,0.,1.));
#1680 = DIRECTION('',(1.,0.,0.));
#1681 = DEFINITIONAL_REPRESENTATION('',(#1682),#1686);
#1682 = CIRCLE('',#1683,4.5);
#1683 = AXIS2_PLACEMENT_2D('',#1684,#1685);
#1684 = CARTESIAN_POINT('',(0.,0.));
#1685 = DIRECTION('',(1.,0.));
#1686 = ( GEOMETRIC_REPRESENTATION_CONTEXT(2) 
PARAMETRIC_REPRESENTATION_CONTEXT() REPRESENTATION_CONTEXT('2D SPACE',''
  ) );
#1687 = ORIENTED_EDGE('',*,*,#1688,.F.);
#1688 = EDGE_CURVE('',#1689,#1655,#1691,.T.);
#1689 = VERTEX_POINT('',#1690);
#1690 = CARTESIAN_POINT('',(-0.5,-1.102182119233E-15,-24.75));
#1691 = SEAM_CURVE('',#1692,(#1696,#1703),.PCURVE_S1.);
#1692 = LINE('',#1693,#1694);
#1693 = CARTESIAN_POINT('',(-0.5,-1.102182119233E-15,-24.75));
#1694 = VECTOR('',#1695,1.);
#1695 = DIRECTION('',(0.,0.,1.));
#1696 = PCURVE('',#1664,#1697);
#1697 = DEFINITIONAL_REPRESENTATION('',(#1698),#1702);
#1698 = LINE('',#1699,#1700);
#1699 = CARTESIAN_POINT('',(6.28318530718,-0.));
#1700 = VECTOR('',#1701,1.);
#1701 = DIRECTION('',(0.,1.));
#1702 = ( GEOMETRIC_REPRESENTATION_CONTEXT(2) 
PARAMETRIC_REPRESENTATION_CONTEXT() REPRESENTATION_CONTEXT('2D SPACE',''
  ) );
#1703 = PCURVE('',#1664,#1704);
#1704 = DEFINITIONAL_REPRESENTATION('',(#1705),#1709);
#1705 = LINE('',#1706,#1707);
#1706 = CARTESIAN_POINT('',(0.,-0.));
#1707 = VECTOR('',#1708,1.);
#1708 = DIRECTION('',(0.,1.));
#1709 = ( GEOMETRIC_REPRESENTATION_CONTEXT(2) 
PARAMETRIC_REPRESENTATION_CONTEXT() REPRESENTATION_CONTEXT('2D SPACE',''
  ) );
#1710 = ORIENTED_EDGE('',*,*,#1711,.T.);
#1711 = EDGE_CURVE('',#1689,#1689,#1712,.T.);
#1712 = SURFACE_CURVE('',#1713,(#1718,#1725),.PCURVE_S1.);
#1713 = CIRCLE('',#1714,4.5);
#1714 = AXIS2_PLACEMENT_3D('',#1715,#1716,#1717);
#1715 = CARTESIAN_POINT('',(-5.,0.,-24.75));
#1716 = DIRECTION('',(0.,0.,1.));
#1717 = DIRECTION('',(1.,0.,0.));
#1718 = PCURVE('',#1664,#1719);
#1719 = DEFINITIONAL_REPRESENTATION('',(#1720),#1724);
#1720 = LINE('',#1721,#1722);
#1721 = CARTESIAN_POINT('',(0.,0.));
#1722 = VECTOR('',#1723,1.);
#1723 = DIRECTION('',(1.,0.));
#1724 = ( GEOMETRIC_REPRESENTATION_CONTEXT(2) 
PARAMETRIC_REPRESENTATION_CONTEXT() REPRESENTATION_CONTEXT('2D SPACE',''
  ) );
#1725 = PCURVE('',#1726,#1731);
#1726 = PLANE('',#1727);
#1727 = AXIS2_PLACEMENT_3D('',#1728,#1729,#1730);
#1728 = CARTESIAN_POINT('',(-5.,0.,-24.75));
#1729 = DIRECTION('',(0.,0.,1.));
#1730 = DIRECTION('',(1.,0.,0.));
#1731 = DEFINITIONAL_REPRESENTATION('',(#1732),#1736);
#1732 = CIRCLE('',#1733,4.5);
#1733 = AXIS2_PLACEMENT_2D('',#1734,#1735);
#1734 = CARTESIAN_POINT('',(0.,0.));
#1735 = DIRECTION('',(1.,0.));
#1736 = ( GEOMETRIC_REPRESENTATION_CONTEXT(2) 
PARAMETRIC_REPRESENTATION_CONTEXT() REPRESENTATION_CONTEXT('2D SPACE',''
  ) );
#1737 = ORIENTED_EDGE('',*,*,#1688,.T.);
#1738 = ADVANCED_FACE('',(#1739),#1676,.T.);
#1739 = FACE_BOUND('',#1740,.T.);
#1740 = EDGE_LOOP('',(#1741));
#1741 = ORIENTED_EDGE('',*,*,#1654,.T.);
#1742 = ADVANCED_FACE('',(#1743),#1726,.F.);
#1743 = FACE_BOUND('',#1744,.T.);
#1744 = EDGE_LOOP('',(#1745));
#1745 = ORIENTED_EDGE('',*,*,#1711,.F.);
#1746 = ( GEOMETRIC_REPRESENTATION_CONTEXT(3) 
GLOBAL_UNCERTAINTY_ASSIGNED_CONTEXT((#1750)) 
GLOBAL_UNIT_ASSIGNED_CONTEXT((#1747,#1748,#1749)) REPRESENTATION_CONTEXT
('Context #1','3D Context with UNIT and UNCERTAINTY') );
#1747 = ( LENGTH_UNIT() NAMED_UNIT(*) SI_UNIT(.MILLI.,.METRE.) );
#1748 = ( NAMED_UNIT(*) PLANE_ANGLE_UNIT() SI_UNIT($,.RADIAN.) );
#1749 = ( NAMED_UNIT(*) SI_UNIT($,.STERADIAN.) SOLID_ANGLE_UNIT() );
#1750 = UNCERTAINTY_MEASURE_WITH_UNIT(LENGTH_MEASURE(1.E-07),#1747,
  'distance_accuracy_value','confusion accuracy');
#1751 = CONTEXT_DEPENDENT_SHAPE_REPRESENTATION(#1752,#1754);
#1752 = ( REPRESENTATION_RELATIONSHIP('','',#1647,#1624) 
REPRESENTATION_RELATIONSHIP_WITH_TRANSFORMATION(#1753) 
SHAPE_REPRESENTATION_RELATIONSHIP() );
#1753 = ITEM_DEFINED_TRANSFORMATION('','',#11,#1625);
#1754 = PRODUCT_DEFINITION_SHAPE('Placement','Placement of an item',
  #1755);
#1755 = NEXT_ASSEMBLY_USAGE_OCCURRENCE('501','=>[0:1:1:13]','',#1619,
  #1642,$);
#1756 = PRODUCT_RELATED_PRODUCT_CATEGORY('part',$,(#1644));
#1757 = SHAPE_DEFINITION_REPRESENTATION(#1758,#1764);
#1758 = PRODUCT_DEFINITION_SHAPE('','',#1759);
#1759 = PRODUCT_DEFINITION('design','',#1760,#1763);
#1760 = PRODUCT_DEFINITION_FORMATION('','',#1761);
#1761 = PRODUCT('second_pivot_axis','second_pivot_axis','',(#1762));
#1762 = PRODUCT_CONTEXT('',#2,'mechanical');
#1763 = PRODUCT_DEFINITION_CONTEXT('part definition',#2,'design');
#1764 = SHAPE_REPRESENTATION('',(#11,#1765,#1769),#1773);
#1765 = AXIS2_PLACEMENT_3D('',#1766,#1767,#1768);
#1766 = CARTESIAN_POINT('',(0.,0.,0.));
#1767 = DIRECTION('',(0.,0.,1.));
#1768 = DIRECTION('',(1.,0.,-0.));
#1769 = AXIS2_PLACEMENT_3D('',#1770,#1771,#1772);
#1770 = CARTESIAN_POINT('',(0.,0.,0.));
#1771 = DIRECTION('',(0.,0.,1.));
#1772 = DIRECTION('',(1.,0.,-0.));
#1773 = ( GEOMETRIC_REPRESENTATION_CONTEXT(3) 
GLOBAL_UNCERTAINTY_ASSIGNED_CONTEXT((#1777)) 
GLOBAL_UNIT_ASSIGNED_CONTEXT((#1774,#1775,#1776)) REPRESENTATION_CONTEXT
('Context #1','3D Context with UNIT and UNCERTAINTY') );
#1774 = ( LENGTH_UNIT() NAMED_UNIT(*) SI_UNIT(.MILLI.,.METRE.) );
#1775 = ( NAMED_UNIT(*) PLANE_ANGLE_UNIT() SI_UNIT($,.RADIAN.) );
#1776 = ( NAMED_UNIT(*) SI_UNIT($,.STERADIAN.) SOLID_ANGLE_UNIT() );
#1777 = UNCERTAINTY_MEASURE_WITH_UNIT(LENGTH_MEASURE(1.E-07),#1774,
  'distance_accuracy_value','confusion accuracy');
#1778 = CONTEXT_DEPENDENT_SHAPE_REPRESENTATION(#1779,#1781);
#1779 = ( REPRESENTATION_RELATIONSHIP('','',#1764,#10) 
REPRESENTATION_RELATIONSHIP_WITH_TRANSFORMATION(#1780) 
SHAPE_REPRESENTATION_RELATIONSHIP() );
#1780 = ITEM_DEFINED_TRANSFORMATION('','',#11,#31);
#1781 = PRODUCT_DEFINITION_SHAPE('Placement','Placement of an item',
  #1782);
#1782 = NEXT_ASSEMBLY_USAGE_OCCURRENCE('508','=>[0:1:1:14]','',#5,#1759,
  $);
#1783 = PRODUCT_RELATED_PRODUCT_CATEGORY('part',$,(#1761));
#1784 = SHAPE_DEFINITION_REPRESENTATION(#1785,#1791);
#1785 = PRODUCT_DEFINITION_SHAPE('','',#1786);
#1786 = PRODUCT_DEFINITION('design','',#1787,#1790);
#1787 = PRODUCT_DEFINITION_FORMATION('','',#1788);
#1788 = PRODUCT('ASSEMBLY','ASSEMBLY','',(#1789));
#1789 = PRODUCT_CONTEXT('',#2,'mechanical');
#1790 = PRODUCT_DEFINITION_CONTEXT('part definition',#2,'design');
#1791 = SHAPE_REPRESENTATION('',(#11,#1792),#1796);
#1792 = AXIS2_PLACEMENT_3D('',#1793,#1794,#1795);
#1793 = CARTESIAN_POINT('',(0.,0.,-9.));
#1794 = DIRECTION('',(0.,0.,1.));
#1795 = DIRECTION('',(1.,0.,0.));
#1796 = ( GEOMETRIC_REPRESENTATION_CONTEXT(3) 
GLOBAL_UNCERTAINTY_ASSIGNED_CONTEXT((#1800)) 
GLOBAL_UNIT_ASSIGNED_CONTEXT((#1797,#1798,#1799)) REPRESENTATION_CONTEXT
('Context #1','3D Context with UNIT and UNCERTAINTY') );
#1797 = ( LENGTH_UNIT() NAMED_UNIT(*) SI_UNIT(.MILLI.,.METRE.) );
#1798 = ( NAMED_UNIT(*) PLANE_ANGLE_UNIT() SI_UNIT($,.RADIAN.) );
#1799 = ( NAMED_UNIT(*) SI_UNIT($,.STERADIAN.) SOLID_ANGLE_UNIT() );
#1800 = UNCERTAINTY_MEASURE_WITH_UNIT(LENGTH_MEASURE(1.E-07),#1797,
  'distance_accuracy_value','confusion accuracy');
#1801 = CONTEXT_DEPENDENT_SHAPE_REPRESENTATION(#1802,#1804);
#1802 = ( REPRESENTATION_RELATIONSHIP('','',#1791,#1764) 
REPRESENTATION_RELATIONSHIP_WITH_TRANSFORMATION(#1803) 
SHAPE_REPRESENTATION_RELATIONSHIP() );
#1803 = ITEM_DEFINED_TRANSFORMATION('','',#11,#1765);
#1804 = PRODUCT_DEFINITION_SHAPE('Placement','Placement of an item',
  #1805);
#1805 = NEXT_ASSEMBLY_USAGE_OCCURRENCE('505','=>[0:1:1:15]','',#1759,
  #1786,$);
#1806 = PRODUCT_RELATED_PRODUCT_CATEGORY('part',$,(#1788));
#1807 = SHAPE_DEFINITION_REPRESENTATION(#1808,#1814);
#1808 = PRODUCT_DEFINITION_SHAPE('','',#1809);
#1809 = PRODUCT_DEFINITION('design','',#1810,#1813);
#1810 = PRODUCT_DEFINITION_FORMATION('','',#1811);
#1811 = PRODUCT('SOLID','SOLID','',(#1812));
#1812 = PRODUCT_CONTEXT('',#2,'mechanical');
#1813 = PRODUCT_DEFINITION_CONTEXT('part definition',#2,'design');
#1814 = ADVANCED_BREP_SHAPE_REPRESENTATION('',(#11,#1815),#1913);
#1815 = MANIFOLD_SOLID_BREP('',#1816);
#1816 = CLOSED_SHELL('',(#1817,#1905,#1909));
#1817 = ADVANCED_FACE('',(#1818),#1831,.T.);
#1818 = FACE_BOUND('',#1819,.T.);
#1819 = EDGE_LOOP('',(#1820,#1854,#1877,#1904));
#1820 = ORIENTED_EDGE('',*,*,#1821,.F.);
#1821 = EDGE_CURVE('',#1822,#1822,#1824,.T.);
#1822 = VERTEX_POINT('',#1823);
#1823 = CARTESIAN_POINT('',(27.5,-6.123233995737E-16,13.));
#1824 = SURFACE_CURVE('',#1825,(#1830,#1842),.PCURVE_S1.);
#1825 = CIRCLE('',#1826,2.5);
#1826 = AXIS2_PLACEMENT_3D('',#1827,#1828,#1829);
#1827 = CARTESIAN_POINT('',(25.,0.,13.));
#1828 = DIRECTION('',(0.,0.,1.));
#1829 = DIRECTION('',(1.,0.,0.));
#1830 = PCURVE('',#1831,#1836);
#1831 = CYLINDRICAL_SURFACE('',#1832,2.5);
#1832 = AXIS2_PLACEMENT_3D('',#1833,#1834,#1835);
#1833 = CARTESIAN_POINT('',(25.,0.,-5.));
#1834 = DIRECTION('',(0.,0.,1.));
#1835 = DIRECTION('',(1.,0.,0.));
#1836 = DEFINITIONAL_REPRESENTATION('',(#1837),#1841);
#1837 = LINE('',#1838,#1839);
#1838 = CARTESIAN_POINT('',(0.,18.));
#1839 = VECTOR('',#1840,1.);
#1840 = DIRECTION('',(1.,0.));
#1841 = ( GEOMETRIC_REPRESENTATION_CONTEXT(2) 
PARAMETRIC_REPRESENTATION_CONTEXT() REPRESENTATION_CONTEXT('2D SPACE',''
  ) );
#1842 = PCURVE('',#1843,#1848);
#1843 = PLANE('',#1844);
#1844 = AXIS2_PLACEMENT_3D('',#1845,#1846,#1847);
#1845 = CARTESIAN_POINT('',(25.,0.,13.));
#1846 = DIRECTION('',(0.,0.,1.));
#1847 = DIRECTION('',(1.,0.,0.));
#1848 = DEFINITIONAL_REPRESENTATION('',(#1849),#1853);
#1849 = CIRCLE('',#1850,2.5);
#1850 = AXIS2_PLACEMENT_2D('',#1851,#1852);
#1851 = CARTESIAN_POINT('',(0.,0.));
#1852 = DIRECTION('',(1.,0.));
#1853 = ( GEOMETRIC_REPRESENTATION_CONTEXT(2) 
PARAMETRIC_REPRESENTATION_CONTEXT() REPRESENTATION_CONTEXT('2D SPACE',''
  ) );
#1854 = ORIENTED_EDGE('',*,*,#1855,.F.);
#1855 = EDGE_CURVE('',#1856,#1822,#1858,.T.);
#1856 = VERTEX_POINT('',#1857);
#1857 = CARTESIAN_POINT('',(27.5,-6.123233995737E-16,-5.));
#1858 = SEAM_CURVE('',#1859,(#1863,#1870),.PCURVE_S1.);
#1859 = LINE('',#1860,#1861);
#1860 = CARTESIAN_POINT('',(27.5,-6.123233995737E-16,-5.));
#1861 = VECTOR('',#1862,1.);
#1862 = DIRECTION('',(0.,0.,1.));
#1863 = PCURVE('',#1831,#1864);
#1864 = DEFINITIONAL_REPRESENTATION('',(#1865),#1869);
#1865 = LINE('',#1866,#1867);
#1866 = CARTESIAN_POINT('',(6.28318530718,-0.));
#1867 = VECTOR('',#1868,1.);
#1868 = DIRECTION('',(0.,1.));
#1869 = ( GEOMETRIC_REPRESENTATION_CONTEXT(2) 
PARAMETRIC_REPRESENTATION_CONTEXT() REPRESENTATION_CONTEXT('2D SPACE',''
  ) );
#1870 = PCURVE('',#1831,#1871);
#1871 = DEFINITIONAL_REPRESENTATION('',(#1872),#1876);
#1872 = LINE('',#1873,#1874);
#1873 = CARTESIAN_POINT('',(0.,-0.));
#1874 = VECTOR('',#1875,1.);
#1875 = DIRECTION('',(0.,1.));
#1876 = ( GEOMETRIC_REPRESENTATION_CONTEXT(2) 
PARAMETRIC_REPRESENTATION_CONTEXT() REPRESENTATION_CONTEXT('2D SPACE',''
  ) );
#1877 = ORIENTED_EDGE('',*,*,#1878,.T.);
#1878 = EDGE_CURVE('',#1856,#1856,#1879,.T.);
#1879 = SURFACE_CURVE('',#1880,(#1885,#1892),.PCURVE_S1.);
#1880 = CIRCLE('',#1881,2.5);
#1881 = AXIS2_PLACEMENT_3D('',#1882,#1883,#1884);
#1882 = CARTESIAN_POINT('',(25.,0.,-5.));
#1883 = DIRECTION('',(0.,0.,1.));
#1884 = DIRECTION('',(1.,0.,0.));
#1885 = PCURVE('',#1831,#1886);
#1886 = DEFINITIONAL_REPRESENTATION('',(#1887),#1891);
#1887 = LINE('',#1888,#1889);
#1888 = CARTESIAN_POINT('',(0.,0.));
#1889 = VECTOR('',#1890,1.);
#1890 = DIRECTION('',(1.,0.));
#1891 = ( GEOMETRIC_REPRESENTATION_CONTEXT(2) 
PARAMETRIC_REPRESENTATION_CONTEXT() REPRESENTATION_CONTEXT('2D SPACE',''
  ) );
#1892 = PCURVE('',#1893,#1898);
#1893 = PLANE('',#1894);
#1894 = AXIS2_PLACEMENT_3D('',#1895,#1896,#1897);
#1895 = CARTESIAN_POINT('',(25.,0.,-5.));
#1896 = DIRECTION('',(0.,0.,1.));
#1897 = DIRECTION('',(1.,0.,0.));
#1898 = DEFINITIONAL_REPRESENTATION('',(#1899),#1903);
#1899 = CIRCLE('',#1900,2.5);
#1900 = AXIS2_PLACEMENT_2D('',#1901,#1902);
#1901 = CARTESIAN_POINT('',(0.,0.));
#1902 = DIRECTION('',(1.,0.));
#1903 = ( GEOMETRIC_REPRESENTATION_CONTEXT(2) 
PARAMETRIC_REPRESENTATION_CONTEXT() REPRESENTATION_CONTEXT('2D SPACE',''
  ) );
#1904 = ORIENTED_EDGE('',*,*,#1855,.T.);
#1905 = ADVANCED_FACE('',(#1906),#1843,.T.);
#1906 = FACE_BOUND('',#1907,.T.);
#1907 = EDGE_LOOP('',(#1908));
#1908 = ORIENTED_EDGE('',*,*,#1821,.T.);
#1909 = ADVANCED_FACE('',(#1910),#1893,.F.);
#1910 = FACE_BOUND('',#1911,.T.);
#1911 = EDGE_LOOP('',(#1912));
#1912 = ORIENTED_EDGE('',*,*,#1878,.F.);
#1913 = ( GEOMETRIC_REPRESENTATION_CONTEXT(3) 
GLOBAL_UNCERTAINTY_ASSIGNED_CONTEXT((#1917)) 
GLOBAL_UNIT_ASSIGNED_CONTEXT((#1914,#1915,#1916)) REPRESENTATION_CONTEXT
('Context #1','3D Context with UNIT and UNCERTAINTY') );
#1914 = ( LENGTH_UNIT() NAMED_UNIT(*) SI_UNIT(.MILLI.,.METRE.) );
#1915 = ( NAMED_UNIT(*) PLANE_ANGLE_UNIT() SI_UNIT($,.RADIAN.) );
#1916 = ( NAMED_UNIT(*) SI_UNIT($,.STERADIAN.) SOLID_ANGLE_UNIT() );
#1917 = UNCERTAINTY_MEASURE_WITH_UNIT(LENGTH_MEASURE(1.E-07),#1914,
  'distance_accuracy_value','confusion accuracy');
#1918 = CONTEXT_DEPENDENT_SHAPE_REPRESENTATION(#1919,#1921);
#1919 = ( REPRESENTATION_RELATIONSHIP('','',#1814,#1791) 
REPRESENTATION_RELATIONSHIP_WITH_TRANSFORMATION(#1920) 
SHAPE_REPRESENTATION_RELATIONSHIP() );
#1920 = ITEM_DEFINED_TRANSFORMATION('','',#11,#1792);
#1921 = PRODUCT_DEFINITION_SHAPE('Placement','Placement of an item',
  #1922);
#1922 = NEXT_ASSEMBLY_USAGE_OCCURRENCE('504','=>[0:1:1:16]','',#1786,
  #1809,$);
#1923 = PRODUCT_RELATED_PRODUCT_CATEGORY('part',$,(#1811));
#1924 = SHAPE_DEFINITION_REPRESENTATION(#1925,#1931);
#1925 = PRODUCT_DEFINITION_SHAPE('','',#1926);
#1926 = PRODUCT_DEFINITION('design','',#1927,#1930);
#1927 = PRODUCT_DEFINITION_FORMATION('','',#1928);
#1928 = PRODUCT('ASSEMBLY','ASSEMBLY','',(#1929));
#1929 = PRODUCT_CONTEXT('',#2,'mechanical');
#1930 = PRODUCT_DEFINITION_CONTEXT('part definition',#2,'design');
#1931 = SHAPE_REPRESENTATION('',(#11,#1932),#1936);
#1932 = AXIS2_PLACEMENT_3D('',#1933,#1934,#1935);
#1933 = CARTESIAN_POINT('',(0.,0.,-1.25));
#1934 = DIRECTION('',(0.,0.,1.));
#1935 = DIRECTION('',(1.,0.,0.));
#1936 = ( GEOMETRIC_REPRESENTATION_CONTEXT(3) 
GLOBAL_UNCERTAINTY_ASSIGNED_CONTEXT((#1940)) 
GLOBAL_UNIT_ASSIGNED_CONTEXT((#1937,#1938,#1939)) REPRESENTATION_CONTEXT
('Context #1','3D Context with UNIT and UNCERTAINTY') );
#1937 = ( LENGTH_UNIT() NAMED_UNIT(*) SI_UNIT(.MILLI.,.METRE.) );
#1938 = ( NAMED_UNIT(*) PLANE_ANGLE_UNIT() SI_UNIT($,.RADIAN.) );
#1939 = ( NAMED_UNIT(*) SI_UNIT($,.STERADIAN.) SOLID_ANGLE_UNIT() );
#1940 = UNCERTAINTY_MEASURE_WITH_UNIT(LENGTH_MEASURE(1.E-07),#1937,
  'distance_accuracy_value','confusion accuracy');
#1941 = CONTEXT_DEPENDENT_SHAPE_REPRESENTATION(#1942,#1944);
#1942 = ( REPRESENTATION_RELATIONSHIP('','',#1931,#1764) 
REPRESENTATION_RELATIONSHIP_WITH_TRANSFORMATION(#1943) 
SHAPE_REPRESENTATION_RELATIONSHIP() );
#1943 = ITEM_DEFINED_TRANSFORMATION('','',#11,#1769);
#1944 = PRODUCT_DEFINITION_SHAPE('Placement','Placement of an item',
  #1945);
#1945 = NEXT_ASSEMBLY_USAGE_OCCURRENCE('507','=>[0:1:1:17]','',#1759,
  #1926,$);
#1946 = PRODUCT_RELATED_PRODUCT_CATEGORY('part',$,(#1928));
#1947 = SHAPE_DEFINITION_REPRESENTATION(#1948,#1954);
#1948 = PRODUCT_DEFINITION_SHAPE('','',#1949);
#1949 = PRODUCT_DEFINITION('design','',#1950,#1953);
#1950 = PRODUCT_DEFINITION_FORMATION('','',#1951);
#1951 = PRODUCT('SOLID','SOLID','',(#1952));
#1952 = PRODUCT_CONTEXT('',#2,'mechanical');
#1953 = PRODUCT_DEFINITION_CONTEXT('part definition',#2,'design');
#1954 = ADVANCED_BREP_SHAPE_REPRESENTATION('',(#11,#1955),#2053);
#1955 = MANIFOLD_SOLID_BREP('',#1956);
#1956 = CLOSED_SHELL('',(#1957,#2045,#2049));
#1957 = ADVANCED_FACE('',(#1958),#1971,.T.);
#1958 = FACE_BOUND('',#1959,.T.);
#1959 = EDGE_LOOP('',(#1960,#1994,#2017,#2044));
#1960 = ORIENTED_EDGE('',*,*,#1961,.F.);
#1961 = EDGE_CURVE('',#1962,#1962,#1964,.T.);
#1962 = VERTEX_POINT('',#1963);
#1963 = CARTESIAN_POINT('',(29.5,-1.102182119233E-15,7.75));
#1964 = SURFACE_CURVE('',#1965,(#1970,#1982),.PCURVE_S1.);
#1965 = CIRCLE('',#1966,4.5);
#1966 = AXIS2_PLACEMENT_3D('',#1967,#1968,#1969);
#1967 = CARTESIAN_POINT('',(25.,0.,7.75));
#1968 = DIRECTION('',(0.,0.,1.));
#1969 = DIRECTION('',(1.,0.,0.));
#1970 = PCURVE('',#1971,#1976);
#1971 = CYLINDRICAL_SURFACE('',#1972,4.5);
#1972 = AXIS2_PLACEMENT_3D('',#1973,#1974,#1975);
#1973 = CARTESIAN_POINT('',(25.,0.,5.25));
#1974 = DIRECTION('',(0.,0.,1.));
#1975 = DIRECTION('',(1.,0.,0.));
#1976 = DEFINITIONAL_REPRESENTATION('',(#1977),#1981);
#1977 = LINE('',#1978,#1979);
#1978 = CARTESIAN_POINT('',(0.,2.5));
#1979 = VECTOR('',#1980,1.);
#1980 = DIRECTION('',(1.,0.));
#1981 = ( GEOMETRIC_REPRESENTATION_CONTEXT(2) 
PARAMETRIC_REPRESENTATION_CONTEXT() REPRESENTATION_CONTEXT('2D SPACE',''
  ) );
#1982 = PCURVE('',#1983,#1988);
#1983 = PLANE('',#1984);
#1984 = AXIS2_PLACEMENT_3D('',#1985,#1986,#1987);
#1985 = CARTESIAN_POINT('',(25.,0.,7.75));
#1986 = DIRECTION('',(0.,0.,1.));
#1987 = DIRECTION('',(1.,0.,0.));
#1988 = DEFINITIONAL_REPRESENTATION('',(#1989),#1993);
#1989 = CIRCLE('',#1990,4.5);
#1990 = AXIS2_PLACEMENT_2D('',#1991,#1992);
#1991 = CARTESIAN_POINT('',(0.,0.));
#1992 = DIRECTION('',(1.,0.));
#1993 = ( GEOMETRIC_REPRESENTATION_CONTEXT(2) 
PARAMETRIC_REPRESENTATION_CONTEXT() REPRESENTATION_CONTEXT('2D SPACE',''
  ) );
#1994 = ORIENTED_EDGE('',*,*,#1995,.F.);
#1995 = EDGE_CURVE('',#1996,#1962,#1998,.T.);
#1996 = VERTEX_POINT('',#1997);
#1997 = CARTESIAN_POINT('',(29.5,-1.102182119233E-15,5.25));
#1998 = SEAM_CURVE('',#1999,(#2003,#2010),.PCURVE_S1.);
#1999 = LINE('',#2000,#2001);
#2000 = CARTESIAN_POINT('',(29.5,-1.102182119233E-15,5.25));
#2001 = VECTOR('',#2002,1.);
#2002 = DIRECTION('',(0.,0.,1.));
#2003 = PCURVE('',#1971,#2004);
#2004 = DEFINITIONAL_REPRESENTATION('',(#2005),#2009);
#2005 = LINE('',#2006,#2007);
#2006 = CARTESIAN_POINT('',(6.28318530718,-0.));
#2007 = VECTOR('',#2008,1.);
#2008 = DIRECTION('',(0.,1.));
#2009 = ( GEOMETRIC_REPRESENTATION_CONTEXT(2) 
PARAMETRIC_REPRESENTATION_CONTEXT() REPRESENTATION_CONTEXT('2D SPACE',''
  ) );
#2010 = PCURVE('',#1971,#2011);
#2011 = DEFINITIONAL_REPRESENTATION('',(#2012),#2016);
#2012 = LINE('',#2013,#2014);
#2013 = CARTESIAN_POINT('',(0.,-0.));
#2014 = VECTOR('',#2015,1.);
#2015 = DIRECTION('',(0.,1.));
#2016 = ( GEOMETRIC_REPRESENTATION_CONTEXT(2) 
PARAMETRIC_REPRESENTATION_CONTEXT() REPRESENTATION_CONTEXT('2D SPACE',''
  ) );
#2017 = ORIENTED_EDGE('',*,*,#2018,.T.);
#2018 = EDGE_CURVE('',#1996,#1996,#2019,.T.);
#2019 = SURFACE_CURVE('',#2020,(#2025,#2032),.PCURVE_S1.);
#2020 = CIRCLE('',#2021,4.5);
#2021 = AXIS2_PLACEMENT_3D('',#2022,#2023,#2024);
#2022 = CARTESIAN_POINT('',(25.,0.,5.25));
#2023 = DIRECTION('',(0.,0.,1.));
#2024 = DIRECTION('',(1.,0.,0.));
#2025 = PCURVE('',#1971,#2026);
#2026 = DEFINITIONAL_REPRESENTATION('',(#2027),#2031);
#2027 = LINE('',#2028,#2029);
#2028 = CARTESIAN_POINT('',(0.,0.));
#2029 = VECTOR('',#2030,1.);
#2030 = DIRECTION('',(1.,0.));
#2031 = ( GEOMETRIC_REPRESENTATION_CONTEXT(2) 
PARAMETRIC_REPRESENTATION_CONTEXT() REPRESENTATION_CONTEXT('2D SPACE',''
  ) );
#2032 = PCURVE('',#2033,#2038);
#2033 = PLANE('',#2034);
#2034 = AXIS2_PLACEMENT_3D('',#2035,#2036,#2037);
#2035 = CARTESIAN_POINT('',(25.,0.,5.25));
#2036 = DIRECTION('',(0.,0.,1.));
#2037 = DIRECTION('',(1.,0.,0.));
#2038 = DEFINITIONAL_REPRESENTATION('',(#2039),#2043);
#2039 = CIRCLE('',#2040,4.5);
#2040 = AXIS2_PLACEMENT_2D('',#2041,#2042);
#2041 = CARTESIAN_POINT('',(0.,0.));
#2042 = DIRECTION('',(1.,0.));
#2043 = ( GEOMETRIC_REPRESENTATION_CONTEXT(2) 
PARAMETRIC_REPRESENTATION_CONTEXT() REPRESENTATION_CONTEXT('2D SPACE',''
  ) );
#2044 = ORIENTED_EDGE('',*,*,#1995,.T.);
#2045 = ADVANCED_FACE('',(#2046),#1983,.T.);
#2046 = FACE_BOUND('',#2047,.T.);
#2047 = EDGE_LOOP('',(#2048));
#2048 = ORIENTED_EDGE('',*,*,#1961,.T.);
#2049 = ADVANCED_FACE('',(#2050),#2033,.F.);
#2050 = FACE_BOUND('',#2051,.T.);
#2051 = EDGE_LOOP('',(#2052));
#2052 = ORIENTED_EDGE('',*,*,#2018,.F.);
#2053 = ( GEOMETRIC_REPRESENTATION_CONTEXT(3) 
GLOBAL_UNCERTAINTY_ASSIGNED_CONTEXT((#2057)) 
GLOBAL_UNIT_ASSIGNED_CONTEXT((#2054,#2055,#2056)) REPRESENTATION_CONTEXT
('Context #1','3D Context with UNIT and UNCERTAINTY') );
#2054 = ( LENGTH_UNIT() NAMED_UNIT(*) SI_UNIT(.MILLI.,.METRE.) );
#2055 = ( NAMED_UNIT(*) PLANE_ANGLE_UNIT() SI_UNIT($,.RADIAN.) );
#2056 = ( NAMED_UNIT(*) SI_UNIT($,.STERADIAN.) SOLID_ANGLE_UNIT() );
#2057 = UNCERTAINTY_MEASURE_WITH_UNIT(LENGTH_MEASURE(1.E-07),#2054,
  'distance_accuracy_value','confusion accuracy');
#2058 = CONTEXT_DEPENDENT_SHAPE_REPRESENTATION(#2059,#2061);
#2059 = ( REPRESENTATION_RELATIONSHIP('','',#1954,#1931) 
REPRESENTATION_RELATIONSHIP_WITH_TRANSFORMATION(#2060) 
SHAPE_REPRESENTATION_RELATIONSHIP() );
#2060 = ITEM_DEFINED_TRANSFORMATION('','',#11,#1932);
#2061 = PRODUCT_DEFINITION_SHAPE('Placement','Placement of an item',
  #2062);
#2062 = NEXT_ASSEMBLY_USAGE_OCCURRENCE('506','=>[0:1:1:18]','',#1926,
  #1949,$);
#2063 = PRODUCT_RELATED_PRODUCT_CATEGORY('part',$,(#1951));
#2064 = SHAPE_DEFINITION_REPRESENTATION(#2065,#2071);
#2065 = PRODUCT_DEFINITION_SHAPE('','',#2066);
#2066 = PRODUCT_DEFINITION('design','',#2067,#2070);
#2067 = PRODUCT_DEFINITION_FORMATION('','',#2068);
#2068 = PRODUCT('first_wrist','first_wrist','',(#2069));
#2069 = PRODUCT_CONTEXT('',#2,'mechanical');
#2070 = PRODUCT_DEFINITION_CONTEXT('part definition',#2,'design');
#2071 = SHAPE_REPRESENTATION('',(#11,#2072,#2076,#2080),#2084);
#2072 = AXIS2_PLACEMENT_3D('',#2073,#2074,#2075);
#2073 = CARTESIAN_POINT('',(0.,0.,0.));
#2074 = DIRECTION('',(0.,0.,1.));
#2075 = DIRECTION('',(1.,0.,-0.));
#2076 = AXIS2_PLACEMENT_3D('',#2077,#2078,#2079);
#2077 = CARTESIAN_POINT('',(0.,0.,0.));
#2078 = DIRECTION('',(0.,0.,1.));
#2079 = DIRECTION('',(1.,0.,-0.));
#2080 = AXIS2_PLACEMENT_3D('',#2081,#2082,#2083);
#2081 = CARTESIAN_POINT('',(0.,0.,0.));
#2082 = DIRECTION('',(0.,0.,1.));
#2083 = DIRECTION('',(1.,0.,-0.));
#2084 = ( GEOMETRIC_REPRESENTATION_CONTEXT(3) 
GLOBAL_UNCERTAINTY_ASSIGNED_CONTEXT((#2088)) 
GLOBAL_UNIT_ASSIGNED_CONTEXT((#2085,#2086,#2087)) REPRESENTATION_CONTEXT
('Context #1','3D Context with UNIT and UNCERTAINTY') );
#2085 = ( LENGTH_UNIT() NAMED_UNIT(*) SI_UNIT(.MILLI.,.METRE.) );
#2086 = ( NAMED_UNIT(*) PLANE_ANGLE_UNIT() SI_UNIT($,.RADIAN.) );
#2087 = ( NAMED_UNIT(*) SI_UNIT($,.STERADIAN.) SOLID_ANGLE_UNIT() );
#2088 = UNCERTAINTY_MEASURE_WITH_UNIT(LENGTH_MEASURE(1.E-07),#2085,
  'distance_accuracy_value','confusion accuracy');
#2089 = CONTEXT_DEPENDENT_SHAPE_REPRESENTATION(#2090,#2092);
#2090 = ( REPRESENTATION_RELATIONSHIP('','',#2071,#10) 
REPRESENTATION_RELATIONSHIP_WITH_TRANSFORMATION(#2091) 
SHAPE_REPRESENTATION_RELATIONSHIP() );
#2091 = ITEM_DEFINED_TRANSFORMATION('','',#11,#35);
#2092 = PRODUCT_DEFINITION_SHAPE('Placement','Placement of an item',
  #2093);
#2093 = NEXT_ASSEMBLY_USAGE_OCCURRENCE('515','=>[0:1:1:19]','',#5,#2066,
  $);
#2094 = PRODUCT_RELATED_PRODUCT_CATEGORY('part',$,(#2068));
#2095 = SHAPE_DEFINITION_REPRESENTATION(#2096,#2102);
#2096 = PRODUCT_DEFINITION_SHAPE('','',#2097);
#2097 = PRODUCT_DEFINITION('design','',#2098,#2101);
#2098 = PRODUCT_DEFINITION_FORMATION('','',#2099);
#2099 = PRODUCT('ASSEMBLY','ASSEMBLY','',(#2100));
#2100 = PRODUCT_CONTEXT('',#2,'mechanical');
#2101 = PRODUCT_DEFINITION_CONTEXT('part definition',#2,'design');
#2102 = SHAPE_REPRESENTATION('',(#11,#2103),#2107);
#2103 = AXIS2_PLACEMENT_3D('',#2104,#2105,#2106);
#2104 = CARTESIAN_POINT('',(-11.,-2.5,-9.));
#2105 = DIRECTION('',(0.,0.,1.));
#2106 = DIRECTION('',(1.,0.,0.));
#2107 = ( GEOMETRIC_REPRESENTATION_CONTEXT(3) 
GLOBAL_UNCERTAINTY_ASSIGNED_CONTEXT((#2111)) 
GLOBAL_UNIT_ASSIGNED_CONTEXT((#2108,#2109,#2110)) REPRESENTATION_CONTEXT
('Context #1','3D Context with UNIT and UNCERTAINTY') );
#2108 = ( LENGTH_UNIT() NAMED_UNIT(*) SI_UNIT(.MILLI.,.METRE.) );
#2109 = ( NAMED_UNIT(*) PLANE_ANGLE_UNIT() SI_UNIT($,.RADIAN.) );
#2110 = ( NAMED_UNIT(*) SI_UNIT($,.STERADIAN.) SOLID_ANGLE_UNIT() );
#2111 = UNCERTAINTY_MEASURE_WITH_UNIT(LENGTH_MEASURE(1.E-07),#2108,
  'distance_accuracy_value','confusion accuracy');
#2112 = CONTEXT_DEPENDENT_SHAPE_REPRESENTATION(#2113,#2115);
#2113 = ( REPRESENTATION_RELATIONSHIP('','',#2102,#2071) 
REPRESENTATION_RELATIONSHIP_WITH_TRANSFORMATION(#2114) 
SHAPE_REPRESENTATION_RELATIONSHIP() );
#2114 = ITEM_DEFINED_TRANSFORMATION('','',#11,#2072);
#2115 = PRODUCT_DEFINITION_SHAPE('Placement','Placement of an item',
  #2116);
#2116 = NEXT_ASSEMBLY_USAGE_OCCURRENCE('510','=>[0:1:1:20]','',#2066,
  #2097,$);
#2117 = PRODUCT_RELATED_PRODUCT_CATEGORY('part',$,(#2099));
#2118 = SHAPE_DEFINITION_REPRESENTATION(#2119,#2125);
#2119 = PRODUCT_DEFINITION_SHAPE('','',#2120);
#2120 = PRODUCT_DEFINITION('design','',#2121,#2124);
#2121 = PRODUCT_DEFINITION_FORMATION('','',#2122);
#2122 = PRODUCT('SOLID','SOLID','',(#2123));
#2123 = PRODUCT_CONTEXT('',#2,'mechanical');
#2124 = PRODUCT_DEFINITION_CONTEXT('part definition',#2,'design');
#2125 = ADVANCED_BREP_SHAPE_REPRESENTATION('',(#11,#2126),#2456);
#2126 = MANIFOLD_SOLID_BREP('',#2127);
#2127 = CLOSED_SHELL('',(#2128,#2248,#2348,#2395,#2442,#2449));
#2128 = ADVANCED_FACE('',(#2129),#2143,.F.);
#2129 = FACE_BOUND('',#2130,.F.);
#2130 = EDGE_LOOP('',(#2131,#2166,#2194,#2222));
#2131 = ORIENTED_EDGE('',*,*,#2132,.F.);
#2132 = EDGE_CURVE('',#2133,#2135,#2137,.T.);
#2133 = VERTEX_POINT('',#2134);
#2134 = CARTESIAN_POINT('',(5.,6.5,-15.));
#2135 = VERTEX_POINT('',#2136);
#2136 = CARTESIAN_POINT('',(5.,6.5,3.));
#2137 = SURFACE_CURVE('',#2138,(#2142,#2154),.PCURVE_S1.);
#2138 = LINE('',#2139,#2140);
#2139 = CARTESIAN_POINT('',(5.,6.5,-15.));
#2140 = VECTOR('',#2141,1.);
#2141 = DIRECTION('',(0.,0.,1.));
#2142 = PCURVE('',#2143,#2148);
#2143 = PLANE('',#2144);
#2144 = AXIS2_PLACEMENT_3D('',#2145,#2146,#2147);
#2145 = CARTESIAN_POINT('',(5.,6.5,-15.));
#2146 = DIRECTION('',(1.,0.,0.));
#2147 = DIRECTION('',(0.,0.,1.));
#2148 = DEFINITIONAL_REPRESENTATION('',(#2149),#2153);
#2149 = LINE('',#2150,#2151);
#2150 = CARTESIAN_POINT('',(0.,0.));
#2151 = VECTOR('',#2152,1.);
#2152 = DIRECTION('',(1.,0.));
#2153 = ( GEOMETRIC_REPRESENTATION_CONTEXT(2) 
PARAMETRIC_REPRESENTATION_CONTEXT() REPRESENTATION_CONTEXT('2D SPACE',''
  ) );
#2154 = PCURVE('',#2155,#2160);
#2155 = PLANE('',#2156);
#2156 = AXIS2_PLACEMENT_3D('',#2157,#2158,#2159);
#2157 = CARTESIAN_POINT('',(5.,6.5,-15.));
#2158 = DIRECTION('',(0.,1.,0.));
#2159 = DIRECTION('',(0.,0.,1.));
#2160 = DEFINITIONAL_REPRESENTATION('',(#2161),#2165);
#2161 = LINE('',#2162,#2163);
#2162 = CARTESIAN_POINT('',(0.,0.));
#2163 = VECTOR('',#2164,1.);
#2164 = DIRECTION('',(1.,0.));
#2165 = ( GEOMETRIC_REPRESENTATION_CONTEXT(2) 
PARAMETRIC_REPRESENTATION_CONTEXT() REPRESENTATION_CONTEXT('2D SPACE',''
  ) );
#2166 = ORIENTED_EDGE('',*,*,#2167,.T.);
#2167 = EDGE_CURVE('',#2133,#2168,#2170,.T.);
#2168 = VERTEX_POINT('',#2169);
#2169 = CARTESIAN_POINT('',(5.,11.5,-15.));
#2170 = SURFACE_CURVE('',#2171,(#2175,#2182),.PCURVE_S1.);
#2171 = LINE('',#2172,#2173);
#2172 = CARTESIAN_POINT('',(5.,6.5,-15.));
#2173 = VECTOR('',#2174,1.);
#2174 = DIRECTION('',(0.,1.,0.));
#2175 = PCURVE('',#2143,#2176);
#2176 = DEFINITIONAL_REPRESENTATION('',(#2177),#2181);
#2177 = LINE('',#2178,#2179);
#2178 = CARTESIAN_POINT('',(0.,0.));
#2179 = VECTOR('',#2180,1.);
#2180 = DIRECTION('',(0.,-1.));
#2181 = ( GEOMETRIC_REPRESENTATION_CONTEXT(2) 
PARAMETRIC_REPRESENTATION_CONTEXT() REPRESENTATION_CONTEXT('2D SPACE',''
  ) );
#2182 = PCURVE('',#2183,#2188);
#2183 = PLANE('',#2184);
#2184 = AXIS2_PLACEMENT_3D('',#2185,#2186,#2187);
#2185 = CARTESIAN_POINT('',(5.,6.5,-15.));
#2186 = DIRECTION('',(0.,0.,1.));
#2187 = DIRECTION('',(1.,0.,0.));
#2188 = DEFINITIONAL_REPRESENTATION('',(#2189),#2193);
#2189 = LINE('',#2190,#2191);
#2190 = CARTESIAN_POINT('',(0.,0.));
#2191 = VECTOR('',#2192,1.);
#2192 = DIRECTION('',(0.,1.));
#2193 = ( GEOMETRIC_REPRESENTATION_CONTEXT(2) 
PARAMETRIC_REPRESENTATION_CONTEXT() REPRESENTATION_CONTEXT('2D SPACE',''
  ) );
#2194 = ORIENTED_EDGE('',*,*,#2195,.T.);
#2195 = EDGE_CURVE('',#2168,#2196,#2198,.T.);
#2196 = VERTEX_POINT('',#2197);
#2197 = CARTESIAN_POINT('',(5.,11.5,3.));
#2198 = SURFACE_CURVE('',#2199,(#2203,#2210),.PCURVE_S1.);
#2199 = LINE('',#2200,#2201);
#2200 = CARTESIAN_POINT('',(5.,11.5,-15.));
#2201 = VECTOR('',#2202,1.);
#2202 = DIRECTION('',(0.,0.,1.));
#2203 = PCURVE('',#2143,#2204);
#2204 = DEFINITIONAL_REPRESENTATION('',(#2205),#2209);
#2205 = LINE('',#2206,#2207);
#2206 = CARTESIAN_POINT('',(0.,-5.));
#2207 = VECTOR('',#2208,1.);
#2208 = DIRECTION('',(1.,0.));
#2209 = ( GEOMETRIC_REPRESENTATION_CONTEXT(2) 
PARAMETRIC_REPRESENTATION_CONTEXT() REPRESENTATION_CONTEXT('2D SPACE',''
  ) );
#2210 = PCURVE('',#2211,#2216);
#2211 = PLANE('',#2212);
#2212 = AXIS2_PLACEMENT_3D('',#2213,#2214,#2215);
#2213 = CARTESIAN_POINT('',(5.,11.5,-15.));
#2214 = DIRECTION('',(0.,1.,0.));
#2215 = DIRECTION('',(0.,0.,1.));
#2216 = DEFINITIONAL_REPRESENTATION('',(#2217),#2221);
#2217 = LINE('',#2218,#2219);
#2218 = CARTESIAN_POINT('',(0.,0.));
#2219 = VECTOR('',#2220,1.);
#2220 = DIRECTION('',(1.,0.));
#2221 = ( GEOMETRIC_REPRESENTATION_CONTEXT(2) 
PARAMETRIC_REPRESENTATION_CONTEXT() REPRESENTATION_CONTEXT('2D SPACE',''
  ) );
#2222 = ORIENTED_EDGE('',*,*,#2223,.F.);
#2223 = EDGE_CURVE('',#2135,#2196,#2224,.T.);
#2224 = SURFACE_CURVE('',#2225,(#2229,#2236),.PCURVE_S1.);
#2225 = LINE('',#2226,#2227);
#2226 = CARTESIAN_POINT('',(5.,6.5,3.));
#2227 = VECTOR('',#2228,1.);
#2228 = DIRECTION('',(0.,1.,0.));
#2229 = PCURVE('',#2143,#2230);
#2230 = DEFINITIONAL_REPRESENTATION('',(#2231),#2235);
#2231 = LINE('',#2232,#2233);
#2232 = CARTESIAN_POINT('',(18.,0.));
#2233 = VECTOR('',#2234,1.);
#2234 = DIRECTION('',(0.,-1.));
#2235 = ( GEOMETRIC_REPRESENTATION_CONTEXT(2) 
PARAMETRIC_REPRESENTATION_CONTEXT() REPRESENTATION_CONTEXT('2D SPACE',''
  ) );
#2236 = PCURVE('',#2237,#2242);
#2237 = PLANE('',#2238);
#2238 = AXIS2_PLACEMENT_3D('',#2239,#2240,#2241);
#2239 = CARTESIAN_POINT('',(5.,6.5,3.));
#2240 = DIRECTION('',(0.,0.,1.));
#2241 = DIRECTION('',(1.,0.,0.));
#2242 = DEFINITIONAL_REPRESENTATION('',(#2243),#2247);
#2243 = LINE('',#2244,#2245);
#2244 = CARTESIAN_POINT('',(0.,0.));
#2245 = VECTOR('',#2246,1.);
#2246 = DIRECTION('',(0.,1.));
#2247 = ( GEOMETRIC_REPRESENTATION_CONTEXT(2) 
PARAMETRIC_REPRESENTATION_CONTEXT() REPRESENTATION_CONTEXT('2D SPACE',''
  ) );
#2248 = ADVANCED_FACE('',(#2249),#2263,.T.);
#2249 = FACE_BOUND('',#2250,.T.);
#2250 = EDGE_LOOP('',(#2251,#2281,#2304,#2327));
#2251 = ORIENTED_EDGE('',*,*,#2252,.F.);
#2252 = EDGE_CURVE('',#2253,#2255,#2257,.T.);
#2253 = VERTEX_POINT('',#2254);
#2254 = CARTESIAN_POINT('',(27.,6.5,-15.));
#2255 = VERTEX_POINT('',#2256);
#2256 = CARTESIAN_POINT('',(27.,6.5,3.));
#2257 = SURFACE_CURVE('',#2258,(#2262,#2274),.PCURVE_S1.);
#2258 = LINE('',#2259,#2260);
#2259 = CARTESIAN_POINT('',(27.,6.5,-15.));
#2260 = VECTOR('',#2261,1.);
#2261 = DIRECTION('',(0.,0.,1.));
#2262 = PCURVE('',#2263,#2268);
#2263 = PLANE('',#2264);
#2264 = AXIS2_PLACEMENT_3D('',#2265,#2266,#2267);
#2265 = CARTESIAN_POINT('',(27.,6.5,-15.));
#2266 = DIRECTION('',(1.,0.,0.));
#2267 = DIRECTION('',(0.,0.,1.));
#2268 = DEFINITIONAL_REPRESENTATION('',(#2269),#2273);
#2269 = LINE('',#2270,#2271);
#2270 = CARTESIAN_POINT('',(0.,0.));
#2271 = VECTOR('',#2272,1.);
#2272 = DIRECTION('',(1.,0.));
#2273 = ( GEOMETRIC_REPRESENTATION_CONTEXT(2) 
PARAMETRIC_REPRESENTATION_CONTEXT() REPRESENTATION_CONTEXT('2D SPACE',''
  ) );
#2274 = PCURVE('',#2155,#2275);
#2275 = DEFINITIONAL_REPRESENTATION('',(#2276),#2280);
#2276 = LINE('',#2277,#2278);
#2277 = CARTESIAN_POINT('',(0.,22.));
#2278 = VECTOR('',#2279,1.);
#2279 = DIRECTION('',(1.,0.));
#2280 = ( GEOMETRIC_REPRESENTATION_CONTEXT(2) 
PARAMETRIC_REPRESENTATION_CONTEXT() REPRESENTATION_CONTEXT('2D SPACE',''
  ) );
#2281 = ORIENTED_EDGE('',*,*,#2282,.T.);
#2282 = EDGE_CURVE('',#2253,#2283,#2285,.T.);
#2283 = VERTEX_POINT('',#2284);
#2284 = CARTESIAN_POINT('',(27.,11.5,-15.));
#2285 = SURFACE_CURVE('',#2286,(#2290,#2297),.PCURVE_S1.);
#2286 = LINE('',#2287,#2288);
#2287 = CARTESIAN_POINT('',(27.,6.5,-15.));
#2288 = VECTOR('',#2289,1.);
#2289 = DIRECTION('',(0.,1.,0.));
#2290 = PCURVE('',#2263,#2291);
#2291 = DEFINITIONAL_REPRESENTATION('',(#2292),#2296);
#2292 = LINE('',#2293,#2294);
#2293 = CARTESIAN_POINT('',(0.,0.));
#2294 = VECTOR('',#2295,1.);
#2295 = DIRECTION('',(0.,-1.));
#2296 = ( GEOMETRIC_REPRESENTATION_CONTEXT(2) 
PARAMETRIC_REPRESENTATION_CONTEXT() REPRESENTATION_CONTEXT('2D SPACE',''
  ) );
#2297 = PCURVE('',#2183,#2298);
#2298 = DEFINITIONAL_REPRESENTATION('',(#2299),#2303);
#2299 = LINE('',#2300,#2301);
#2300 = CARTESIAN_POINT('',(22.,0.));
#2301 = VECTOR('',#2302,1.);
#2302 = DIRECTION('',(0.,1.));
#2303 = ( GEOMETRIC_REPRESENTATION_CONTEXT(2) 
PARAMETRIC_REPRESENTATION_CONTEXT() REPRESENTATION_CONTEXT('2D SPACE',''
  ) );
#2304 = ORIENTED_EDGE('',*,*,#2305,.T.);
#2305 = EDGE_CURVE('',#2283,#2306,#2308,.T.);
#2306 = VERTEX_POINT('',#2307);
#2307 = CARTESIAN_POINT('',(27.,11.5,3.));
#2308 = SURFACE_CURVE('',#2309,(#2313,#2320),.PCURVE_S1.);
#2309 = LINE('',#2310,#2311);
#2310 = CARTESIAN_POINT('',(27.,11.5,-15.));
#2311 = VECTOR('',#2312,1.);
#2312 = DIRECTION('',(0.,0.,1.));
#2313 = PCURVE('',#2263,#2314);
#2314 = DEFINITIONAL_REPRESENTATION('',(#2315),#2319);
#2315 = LINE('',#2316,#2317);
#2316 = CARTESIAN_POINT('',(0.,-5.));
#2317 = VECTOR('',#2318,1.);
#2318 = DIRECTION('',(1.,0.));
#2319 = ( GEOMETRIC_REPRESENTATION_CONTEXT(2) 
PARAMETRIC_REPRESENTATION_CONTEXT() REPRESENTATION_CONTEXT('2D SPACE',''
  ) );
#2320 = PCURVE('',#2211,#2321);
#2321 = DEFINITIONAL_REPRESENTATION('',(#2322),#2326);
#2322 = LINE('',#2323,#2324);
#2323 = CARTESIAN_POINT('',(0.,22.));
#2324 = VECTOR('',#2325,1.);
#2325 = DIRECTION('',(1.,0.));
#2326 = ( GEOMETRIC_REPRESENTATION_CONTEXT(2) 
PARAMETRIC_REPRESENTATION_CONTEXT() REPRESENTATION_CONTEXT('2D SPACE',''
  ) );
#2327 = ORIENTED_EDGE('',*,*,#2328,.F.);
#2328 = EDGE_CURVE('',#2255,#2306,#2329,.T.);
#2329 = SURFACE_CURVE('',#2330,(#2334,#2341),.PCURVE_S1.);
#2330 = LINE('',#2331,#2332);
#2331 = CARTESIAN_POINT('',(27.,6.5,3.));
#2332 = VECTOR('',#2333,1.);
#2333 = DIRECTION('',(0.,1.,0.));
#2334 = PCURVE('',#2263,#2335);
#2335 = DEFINITIONAL_REPRESENTATION('',(#2336),#2340);
#2336 = LINE('',#2337,#2338);
#2337 = CARTESIAN_POINT('',(18.,0.));
#2338 = VECTOR('',#2339,1.);
#2339 = DIRECTION('',(0.,-1.));
#2340 = ( GEOMETRIC_REPRESENTATION_CONTEXT(2) 
PARAMETRIC_REPRESENTATION_CONTEXT() REPRESENTATION_CONTEXT('2D SPACE',''
  ) );
#2341 = PCURVE('',#2237,#2342);
#2342 = DEFINITIONAL_REPRESENTATION('',(#2343),#2347);
#2343 = LINE('',#2344,#2345);
#2344 = CARTESIAN_POINT('',(22.,0.));
#2345 = VECTOR('',#2346,1.);
#2346 = DIRECTION('',(0.,1.));
#2347 = ( GEOMETRIC_REPRESENTATION_CONTEXT(2) 
PARAMETRIC_REPRESENTATION_CONTEXT() REPRESENTATION_CONTEXT('2D SPACE',''
  ) );
#2348 = ADVANCED_FACE('',(#2349),#2155,.F.);
#2349 = FACE_BOUND('',#2350,.F.);
#2350 = EDGE_LOOP('',(#2351,#2372,#2373,#2394));
#2351 = ORIENTED_EDGE('',*,*,#2352,.F.);
#2352 = EDGE_CURVE('',#2133,#2253,#2353,.T.);
#2353 = SURFACE_CURVE('',#2354,(#2358,#2365),.PCURVE_S1.);
#2354 = LINE('',#2355,#2356);
#2355 = CARTESIAN_POINT('',(5.,6.5,-15.));
#2356 = VECTOR('',#2357,1.);
#2357 = DIRECTION('',(1.,0.,0.));
#2358 = PCURVE('',#2155,#2359);
#2359 = DEFINITIONAL_REPRESENTATION('',(#2360),#2364);
#2360 = LINE('',#2361,#2362);
#2361 = CARTESIAN_POINT('',(0.,0.));
#2362 = VECTOR('',#2363,1.);
#2363 = DIRECTION('',(0.,1.));
#2364 = ( GEOMETRIC_REPRESENTATION_CONTEXT(2) 
PARAMETRIC_REPRESENTATION_CONTEXT() REPRESENTATION_CONTEXT('2D SPACE',''
  ) );
#2365 = PCURVE('',#2183,#2366);
#2366 = DEFINITIONAL_REPRESENTATION('',(#2367),#2371);
#2367 = LINE('',#2368,#2369);
#2368 = CARTESIAN_POINT('',(0.,0.));
#2369 = VECTOR('',#2370,1.);
#2370 = DIRECTION('',(1.,0.));
#2371 = ( GEOMETRIC_REPRESENTATION_CONTEXT(2) 
PARAMETRIC_REPRESENTATION_CONTEXT() REPRESENTATION_CONTEXT('2D SPACE',''
  ) );
#2372 = ORIENTED_EDGE('',*,*,#2132,.T.);
#2373 = ORIENTED_EDGE('',*,*,#2374,.T.);
#2374 = EDGE_CURVE('',#2135,#2255,#2375,.T.);
#2375 = SURFACE_CURVE('',#2376,(#2380,#2387),.PCURVE_S1.);
#2376 = LINE('',#2377,#2378);
#2377 = CARTESIAN_POINT('',(5.,6.5,3.));
#2378 = VECTOR('',#2379,1.);
#2379 = DIRECTION('',(1.,0.,0.));
#2380 = PCURVE('',#2155,#2381);
#2381 = DEFINITIONAL_REPRESENTATION('',(#2382),#2386);
#2382 = LINE('',#2383,#2384);
#2383 = CARTESIAN_POINT('',(18.,0.));
#2384 = VECTOR('',#2385,1.);
#2385 = DIRECTION('',(0.,1.));
#2386 = ( GEOMETRIC_REPRESENTATION_CONTEXT(2) 
PARAMETRIC_REPRESENTATION_CONTEXT() REPRESENTATION_CONTEXT('2D SPACE',''
  ) );
#2387 = PCURVE('',#2237,#2388);
#2388 = DEFINITIONAL_REPRESENTATION('',(#2389),#2393);
#2389 = LINE('',#2390,#2391);
#2390 = CARTESIAN_POINT('',(0.,0.));
#2391 = VECTOR('',#2392,1.);
#2392 = DIRECTION('',(1.,0.));
#2393 = ( GEOMETRIC_REPRESENTATION_CONTEXT(2) 
PARAMETRIC_REPRESENTATION_CONTEXT() REPRESENTATION_CONTEXT('2D SPACE',''
  ) );
#2394 = ORIENTED_EDGE('',*,*,#2252,.F.);
#2395 = ADVANCED_FACE('',(#2396),#2211,.T.);
#2396 = FACE_BOUND('',#2397,.T.);
#2397 = EDGE_LOOP('',(#2398,#2419,#2420,#2441));
#2398 = ORIENTED_EDGE('',*,*,#2399,.F.);
#2399 = EDGE_CURVE('',#2168,#2283,#2400,.T.);
#2400 = SURFACE_CURVE('',#2401,(#2405,#2412),.PCURVE_S1.);
#2401 = LINE('',#2402,#2403);
#2402 = CARTESIAN_POINT('',(5.,11.5,-15.));
#2403 = VECTOR('',#2404,1.);
#2404 = DIRECTION('',(1.,0.,0.));
#2405 = PCURVE('',#2211,#2406);
#2406 = DEFINITIONAL_REPRESENTATION('',(#2407),#2411);
#2407 = LINE('',#2408,#2409);
#2408 = CARTESIAN_POINT('',(0.,0.));
#2409 = VECTOR('',#2410,1.);
#2410 = DIRECTION('',(0.,1.));
#2411 = ( GEOMETRIC_REPRESENTATION_CONTEXT(2) 
PARAMETRIC_REPRESENTATION_CONTEXT() REPRESENTATION_CONTEXT('2D SPACE',''
  ) );
#2412 = PCURVE('',#2183,#2413);
#2413 = DEFINITIONAL_REPRESENTATION('',(#2414),#2418);
#2414 = LINE('',#2415,#2416);
#2415 = CARTESIAN_POINT('',(0.,5.));
#2416 = VECTOR('',#2417,1.);
#2417 = DIRECTION('',(1.,0.));
#2418 = ( GEOMETRIC_REPRESENTATION_CONTEXT(2) 
PARAMETRIC_REPRESENTATION_CONTEXT() REPRESENTATION_CONTEXT('2D SPACE',''
  ) );
#2419 = ORIENTED_EDGE('',*,*,#2195,.T.);
#2420 = ORIENTED_EDGE('',*,*,#2421,.T.);
#2421 = EDGE_CURVE('',#2196,#2306,#2422,.T.);
#2422 = SURFACE_CURVE('',#2423,(#2427,#2434),.PCURVE_S1.);
#2423 = LINE('',#2424,#2425);
#2424 = CARTESIAN_POINT('',(5.,11.5,3.));
#2425 = VECTOR('',#2426,1.);
#2426 = DIRECTION('',(1.,0.,0.));
#2427 = PCURVE('',#2211,#2428);
#2428 = DEFINITIONAL_REPRESENTATION('',(#2429),#2433);
#2429 = LINE('',#2430,#2431);
#2430 = CARTESIAN_POINT('',(18.,0.));
#2431 = VECTOR('',#2432,1.);
#2432 = DIRECTION('',(0.,1.));
#2433 = ( GEOMETRIC_REPRESENTATION_CONTEXT(2) 
PARAMETRIC_REPRESENTATION_CONTEXT() REPRESENTATION_CONTEXT('2D SPACE',''
  ) );
#2434 = PCURVE('',#2237,#2435);
#2435 = DEFINITIONAL_REPRESENTATION('',(#2436),#2440);
#2436 = LINE('',#2437,#2438);
#2437 = CARTESIAN_POINT('',(0.,5.));
#2438 = VECTOR('',#2439,1.);
#2439 = DIRECTION('',(1.,0.));
#2440 = ( GEOMETRIC_REPRESENTATION_CONTEXT(2) 
PARAMETRIC_REPRESENTATION_CONTEXT() REPRESENTATION_CONTEXT('2D SPACE',''
  ) );
#2441 = ORIENTED_EDGE('',*,*,#2305,.F.);
#2442 = ADVANCED_FACE('',(#2443),#2183,.F.);
#2443 = FACE_BOUND('',#2444,.F.);
#2444 = EDGE_LOOP('',(#2445,#2446,#2447,#2448));
#2445 = ORIENTED_EDGE('',*,*,#2167,.F.);
#2446 = ORIENTED_EDGE('',*,*,#2352,.T.);
#2447 = ORIENTED_EDGE('',*,*,#2282,.T.);
#2448 = ORIENTED_EDGE('',*,*,#2399,.F.);
#2449 = ADVANCED_FACE('',(#2450),#2237,.T.);
#2450 = FACE_BOUND('',#2451,.T.);
#2451 = EDGE_LOOP('',(#2452,#2453,#2454,#2455));
#2452 = ORIENTED_EDGE('',*,*,#2223,.F.);
#2453 = ORIENTED_EDGE('',*,*,#2374,.T.);
#2454 = ORIENTED_EDGE('',*,*,#2328,.T.);
#2455 = ORIENTED_EDGE('',*,*,#2421,.F.);
#2456 = ( GEOMETRIC_REPRESENTATION_CONTEXT(3) 
GLOBAL_UNCERTAINTY_ASSIGNED_CONTEXT((#2460)) 
GLOBAL_UNIT_ASSIGNED_CONTEXT((#2457,#2458,#2459)) REPRESENTATION_CONTEXT
('Context #1','3D Context with UNIT and UNCERTAINTY') );
#2457 = ( LENGTH_UNIT() NAMED_UNIT(*) SI_UNIT(.MILLI.,.METRE.) );
#2458 = ( NAMED_UNIT(*) PLANE_ANGLE_UNIT() SI_UNIT($,.RADIAN.) );
#2459 = ( NAMED_UNIT(*) SI_UNIT($,.STERADIAN.) SOLID_ANGLE_UNIT() );
#2460 = UNCERTAINTY_MEASURE_WITH_UNIT(LENGTH_MEASURE(1.E-07),#2457,
  'distance_accuracy_value','confusion accuracy');
#2461 = CONTEXT_DEPENDENT_SHAPE_REPRESENTATION(#2462,#2464);
#2462 = ( REPRESENTATION_RELATIONSHIP('','',#2125,#2102) 
REPRESENTATION_RELATIONSHIP_WITH_TRANSFORMATION(#2463) 
SHAPE_REPRESENTATION_RELATIONSHIP() );
#2463 = ITEM_DEFINED_TRANSFORMATION('','',#11,#2103);
#2464 = PRODUCT_DEFINITION_SHAPE('Placement','Placement of an item',
  #2465);
#2465 = NEXT_ASSEMBLY_USAGE_OCCURRENCE('509','=>[0:1:1:21]','',#2097,
  #2120,$);
#2466 = PRODUCT_RELATED_PRODUCT_CATEGORY('part',$,(#2122));
#2467 = SHAPE_DEFINITION_REPRESENTATION(#2468,#2474);
#2468 = PRODUCT_DEFINITION_SHAPE('','',#2469);
#2469 = PRODUCT_DEFINITION('design','',#2470,#2473);
#2470 = PRODUCT_DEFINITION_FORMATION('','',#2471);
#2471 = PRODUCT('ASSEMBLY','ASSEMBLY','',(#2472));
#2472 = PRODUCT_CONTEXT('',#2,'mechanical');
#2473 = PRODUCT_DEFINITION_CONTEXT('part definition',#2,'design');
#2474 = SHAPE_REPRESENTATION('',(#11,#2475),#2479);
#2475 = AXIS2_PLACEMENT_3D('',#2476,#2477,#2478);
#2476 = CARTESIAN_POINT('',(-11.,-2.5,-9.));
#2477 = DIRECTION('',(0.,0.,1.));
#2478 = DIRECTION('',(1.,0.,0.));
#2479 = ( GEOMETRIC_REPRESENTATION_CONTEXT(3) 
GLOBAL_UNCERTAINTY_ASSIGNED_CONTEXT((#2483)) 
GLOBAL_UNIT_ASSIGNED_CONTEXT((#2480,#2481,#2482)) REPRESENTATION_CONTEXT
('Context #1','3D Context with UNIT and UNCERTAINTY') );
#2480 = ( LENGTH_UNIT() NAMED_UNIT(*) SI_UNIT(.MILLI.,.METRE.) );
#2481 = ( NAMED_UNIT(*) PLANE_ANGLE_UNIT() SI_UNIT($,.RADIAN.) );
#2482 = ( NAMED_UNIT(*) SI_UNIT($,.STERADIAN.) SOLID_ANGLE_UNIT() );
#2483 = UNCERTAINTY_MEASURE_WITH_UNIT(LENGTH_MEASURE(1.E-07),#2480,
  'distance_accuracy_value','confusion accuracy');
#2484 = CONTEXT_DEPENDENT_SHAPE_REPRESENTATION(#2485,#2487);
#2485 = ( REPRESENTATION_RELATIONSHIP('','',#2474,#2071) 
REPRESENTATION_RELATIONSHIP_WITH_TRANSFORMATION(#2486) 
SHAPE_REPRESENTATION_RELATIONSHIP() );
#2486 = ITEM_DEFINED_TRANSFORMATION('','',#11,#2076);
#2487 = PRODUCT_DEFINITION_SHAPE('Placement','Placement of an item',
  #2488);
#2488 = NEXT_ASSEMBLY_USAGE_OCCURRENCE('512','=>[0:1:1:22]','',#2066,
  #2469,$);
#2489 = PRODUCT_RELATED_PRODUCT_CATEGORY('part',$,(#2471));
#2490 = SHAPE_DEFINITION_REPRESENTATION(#2491,#2497);
#2491 = PRODUCT_DEFINITION_SHAPE('','',#2492);
#2492 = PRODUCT_DEFINITION('design','',#2493,#2496);
#2493 = PRODUCT_DEFINITION_FORMATION('','',#2494);
#2494 = PRODUCT('SOLID','SOLID','',(#2495));
#2495 = PRODUCT_CONTEXT('',#2,'mechanical');
#2496 = PRODUCT_DEFINITION_CONTEXT('part definition',#2,'design');
#2497 = ADVANCED_BREP_SHAPE_REPRESENTATION('',(#11,#2498),#2828);
#2498 = MANIFOLD_SOLID_BREP('',#2499);
#2499 = CLOSED_SHELL('',(#2500,#2620,#2720,#2767,#2814,#2821));
#2500 = ADVANCED_FACE('',(#2501),#2515,.F.);
#2501 = FACE_BOUND('',#2502,.F.);
#2502 = EDGE_LOOP('',(#2503,#2538,#2566,#2594));
#2503 = ORIENTED_EDGE('',*,*,#2504,.F.);
#2504 = EDGE_CURVE('',#2505,#2507,#2509,.T.);
#2505 = VERTEX_POINT('',#2506);
#2506 = CARTESIAN_POINT('',(5.,-6.5,-15.));
#2507 = VERTEX_POINT('',#2508);
#2508 = CARTESIAN_POINT('',(5.,-6.5,3.));
#2509 = SURFACE_CURVE('',#2510,(#2514,#2526),.PCURVE_S1.);
#2510 = LINE('',#2511,#2512);
#2511 = CARTESIAN_POINT('',(5.,-6.5,-15.));
#2512 = VECTOR('',#2513,1.);
#2513 = DIRECTION('',(0.,0.,1.));
#2514 = PCURVE('',#2515,#2520);
#2515 = PLANE('',#2516);
#2516 = AXIS2_PLACEMENT_3D('',#2517,#2518,#2519);
#2517 = CARTESIAN_POINT('',(5.,-6.5,-15.));
#2518 = DIRECTION('',(1.,0.,0.));
#2519 = DIRECTION('',(0.,0.,1.));
#2520 = DEFINITIONAL_REPRESENTATION('',(#2521),#2525);
#2521 = LINE('',#2522,#2523);
#2522 = CARTESIAN_POINT('',(0.,0.));
#2523 = VECTOR('',#2524,1.);
#2524 = DIRECTION('',(1.,0.));
#2525 = ( GEOMETRIC_REPRESENTATION_CONTEXT(2) 
PARAMETRIC_REPRESENTATION_CONTEXT() REPRESENTATION_CONTEXT('2D SPACE',''
  ) );
#2526 = PCURVE('',#2527,#2532);
#2527 = PLANE('',#2528);
#2528 = AXIS2_PLACEMENT_3D('',#2529,#2530,#2531);
#2529 = CARTESIAN_POINT('',(5.,-6.5,-15.));
#2530 = DIRECTION('',(0.,1.,0.));
#2531 = DIRECTION('',(0.,0.,1.));
#2532 = DEFINITIONAL_REPRESENTATION('',(#2533),#2537);
#2533 = LINE('',#2534,#2535);
#2534 = CARTESIAN_POINT('',(0.,0.));
#2535 = VECTOR('',#2536,1.);
#2536 = DIRECTION('',(1.,0.));
#2537 = ( GEOMETRIC_REPRESENTATION_CONTEXT(2) 
PARAMETRIC_REPRESENTATION_CONTEXT() REPRESENTATION_CONTEXT('2D SPACE',''
  ) );
#2538 = ORIENTED_EDGE('',*,*,#2539,.T.);
#2539 = EDGE_CURVE('',#2505,#2540,#2542,.T.);
#2540 = VERTEX_POINT('',#2541);
#2541 = CARTESIAN_POINT('',(5.,-1.5,-15.));
#2542 = SURFACE_CURVE('',#2543,(#2547,#2554),.PCURVE_S1.);
#2543 = LINE('',#2544,#2545);
#2544 = CARTESIAN_POINT('',(5.,-6.5,-15.));
#2545 = VECTOR('',#2546,1.);
#2546 = DIRECTION('',(0.,1.,0.));
#2547 = PCURVE('',#2515,#2548);
#2548 = DEFINITIONAL_REPRESENTATION('',(#2549),#2553);
#2549 = LINE('',#2550,#2551);
#2550 = CARTESIAN_POINT('',(0.,0.));
#2551 = VECTOR('',#2552,1.);
#2552 = DIRECTION('',(0.,-1.));
#2553 = ( GEOMETRIC_REPRESENTATION_CONTEXT(2) 
PARAMETRIC_REPRESENTATION_CONTEXT() REPRESENTATION_CONTEXT('2D SPACE',''
  ) );
#2554 = PCURVE('',#2555,#2560);
#2555 = PLANE('',#2556);
#2556 = AXIS2_PLACEMENT_3D('',#2557,#2558,#2559);
#2557 = CARTESIAN_POINT('',(5.,-6.5,-15.));
#2558 = DIRECTION('',(0.,0.,1.));
#2559 = DIRECTION('',(1.,0.,0.));
#2560 = DEFINITIONAL_REPRESENTATION('',(#2561),#2565);
#2561 = LINE('',#2562,#2563);
#2562 = CARTESIAN_POINT('',(0.,0.));
#2563 = VECTOR('',#2564,1.);
#2564 = DIRECTION('',(0.,1.));
#2565 = ( GEOMETRIC_REPRESENTATION_CONTEXT(2) 
PARAMETRIC_REPRESENTATION_CONTEXT() REPRESENTATION_CONTEXT('2D SPACE',''
  ) );
#2566 = ORIENTED_EDGE('',*,*,#2567,.T.);
#2567 = EDGE_CURVE('',#2540,#2568,#2570,.T.);
#2568 = VERTEX_POINT('',#2569);
#2569 = CARTESIAN_POINT('',(5.,-1.5,3.));
#2570 = SURFACE_CURVE('',#2571,(#2575,#2582),.PCURVE_S1.);
#2571 = LINE('',#2572,#2573);
#2572 = CARTESIAN_POINT('',(5.,-1.5,-15.));
#2573 = VECTOR('',#2574,1.);
#2574 = DIRECTION('',(0.,0.,1.));
#2575 = PCURVE('',#2515,#2576);
#2576 = DEFINITIONAL_REPRESENTATION('',(#2577),#2581);
#2577 = LINE('',#2578,#2579);
#2578 = CARTESIAN_POINT('',(0.,-5.));
#2579 = VECTOR('',#2580,1.);
#2580 = DIRECTION('',(1.,0.));
#2581 = ( GEOMETRIC_REPRESENTATION_CONTEXT(2) 
PARAMETRIC_REPRESENTATION_CONTEXT() REPRESENTATION_CONTEXT('2D SPACE',''
  ) );
#2582 = PCURVE('',#2583,#2588);
#2583 = PLANE('',#2584);
#2584 = AXIS2_PLACEMENT_3D('',#2585,#2586,#2587);
#2585 = CARTESIAN_POINT('',(5.,-1.5,-15.));
#2586 = DIRECTION('',(0.,1.,0.));
#2587 = DIRECTION('',(0.,0.,1.));
#2588 = DEFINITIONAL_REPRESENTATION('',(#2589),#2593);
#2589 = LINE('',#2590,#2591);
#2590 = CARTESIAN_POINT('',(0.,0.));
#2591 = VECTOR('',#2592,1.);
#2592 = DIRECTION('',(1.,0.));
#2593 = ( GEOMETRIC_REPRESENTATION_CONTEXT(2) 
PARAMETRIC_REPRESENTATION_CONTEXT() REPRESENTATION_CONTEXT('2D SPACE',''
  ) );
#2594 = ORIENTED_EDGE('',*,*,#2595,.F.);
#2595 = EDGE_CURVE('',#2507,#2568,#2596,.T.);
#2596 = SURFACE_CURVE('',#2597,(#2601,#2608),.PCURVE_S1.);
#2597 = LINE('',#2598,#2599);
#2598 = CARTESIAN_POINT('',(5.,-6.5,3.));
#2599 = VECTOR('',#2600,1.);
#2600 = DIRECTION('',(0.,1.,0.));
#2601 = PCURVE('',#2515,#2602);
#2602 = DEFINITIONAL_REPRESENTATION('',(#2603),#2607);
#2603 = LINE('',#2604,#2605);
#2604 = CARTESIAN_POINT('',(18.,0.));
#2605 = VECTOR('',#2606,1.);
#2606 = DIRECTION('',(0.,-1.));
#2607 = ( GEOMETRIC_REPRESENTATION_CONTEXT(2) 
PARAMETRIC_REPRESENTATION_CONTEXT() REPRESENTATION_CONTEXT('2D SPACE',''
  ) );
#2608 = PCURVE('',#2609,#2614);
#2609 = PLANE('',#2610);
#2610 = AXIS2_PLACEMENT_3D('',#2611,#2612,#2613);
#2611 = CARTESIAN_POINT('',(5.,-6.5,3.));
#2612 = DIRECTION('',(0.,0.,1.));
#2613 = DIRECTION('',(1.,0.,0.));
#2614 = DEFINITIONAL_REPRESENTATION('',(#2615),#2619);
#2615 = LINE('',#2616,#2617);
#2616 = CARTESIAN_POINT('',(0.,0.));
#2617 = VECTOR('',#2618,1.);
#2618 = DIRECTION('',(0.,1.));
#2619 = ( GEOMETRIC_REPRESENTATION_CONTEXT(2) 
PARAMETRIC_REPRESENTATION_CONTEXT() REPRESENTATION_CONTEXT('2D SPACE',''
  ) );
#2620 = ADVANCED_FACE('',(#2621),#2635,.T.);
#2621 = FACE_BOUND('',#2622,.T.);
#2622 = EDGE_LOOP('',(#2623,#2653,#2676,#2699));
#2623 = ORIENTED_EDGE('',*,*,#2624,.F.);
#2624 = EDGE_CURVE('',#2625,#2627,#2629,.T.);
#2625 = VERTEX_POINT('',#2626);
#2626 = CARTESIAN_POINT('',(27.,-6.5,-15.));
#2627 = VERTEX_POINT('',#2628);
#2628 = CARTESIAN_POINT('',(27.,-6.5,3.));
#2629 = SURFACE_CURVE('',#2630,(#2634,#2646),.PCURVE_S1.);
#2630 = LINE('',#2631,#2632);
#2631 = CARTESIAN_POINT('',(27.,-6.5,-15.));
#2632 = VECTOR('',#2633,1.);
#2633 = DIRECTION('',(0.,0.,1.));
#2634 = PCURVE('',#2635,#2640);
#2635 = PLANE('',#2636);
#2636 = AXIS2_PLACEMENT_3D('',#2637,#2638,#2639);
#2637 = CARTESIAN_POINT('',(27.,-6.5,-15.));
#2638 = DIRECTION('',(1.,0.,0.));
#2639 = DIRECTION('',(0.,0.,1.));
#2640 = DEFINITIONAL_REPRESENTATION('',(#2641),#2645);
#2641 = LINE('',#2642,#2643);
#2642 = CARTESIAN_POINT('',(0.,0.));
#2643 = VECTOR('',#2644,1.);
#2644 = DIRECTION('',(1.,0.));
#2645 = ( GEOMETRIC_REPRESENTATION_CONTEXT(2) 
PARAMETRIC_REPRESENTATION_CONTEXT() REPRESENTATION_CONTEXT('2D SPACE',''
  ) );
#2646 = PCURVE('',#2527,#2647);
#2647 = DEFINITIONAL_REPRESENTATION('',(#2648),#2652);
#2648 = LINE('',#2649,#2650);
#2649 = CARTESIAN_POINT('',(0.,22.));
#2650 = VECTOR('',#2651,1.);
#2651 = DIRECTION('',(1.,0.));
#2652 = ( GEOMETRIC_REPRESENTATION_CONTEXT(2) 
PARAMETRIC_REPRESENTATION_CONTEXT() REPRESENTATION_CONTEXT('2D SPACE',''
  ) );
#2653 = ORIENTED_EDGE('',*,*,#2654,.T.);
#2654 = EDGE_CURVE('',#2625,#2655,#2657,.T.);
#2655 = VERTEX_POINT('',#2656);
#2656 = CARTESIAN_POINT('',(27.,-1.5,-15.));
#2657 = SURFACE_CURVE('',#2658,(#2662,#2669),.PCURVE_S1.);
#2658 = LINE('',#2659,#2660);
#2659 = CARTESIAN_POINT('',(27.,-6.5,-15.));
#2660 = VECTOR('',#2661,1.);
#2661 = DIRECTION('',(0.,1.,0.));
#2662 = PCURVE('',#2635,#2663);
#2663 = DEFINITIONAL_REPRESENTATION('',(#2664),#2668);
#2664 = LINE('',#2665,#2666);
#2665 = CARTESIAN_POINT('',(0.,0.));
#2666 = VECTOR('',#2667,1.);
#2667 = DIRECTION('',(0.,-1.));
#2668 = ( GEOMETRIC_REPRESENTATION_CONTEXT(2) 
PARAMETRIC_REPRESENTATION_CONTEXT() REPRESENTATION_CONTEXT('2D SPACE',''
  ) );
#2669 = PCURVE('',#2555,#2670);
#2670 = DEFINITIONAL_REPRESENTATION('',(#2671),#2675);
#2671 = LINE('',#2672,#2673);
#2672 = CARTESIAN_POINT('',(22.,0.));
#2673 = VECTOR('',#2674,1.);
#2674 = DIRECTION('',(0.,1.));
#2675 = ( GEOMETRIC_REPRESENTATION_CONTEXT(2) 
PARAMETRIC_REPRESENTATION_CONTEXT() REPRESENTATION_CONTEXT('2D SPACE',''
  ) );
#2676 = ORIENTED_EDGE('',*,*,#2677,.T.);
#2677 = EDGE_CURVE('',#2655,#2678,#2680,.T.);
#2678 = VERTEX_POINT('',#2679);
#2679 = CARTESIAN_POINT('',(27.,-1.5,3.));
#2680 = SURFACE_CURVE('',#2681,(#2685,#2692),.PCURVE_S1.);
#2681 = LINE('',#2682,#2683);
#2682 = CARTESIAN_POINT('',(27.,-1.5,-15.));
#2683 = VECTOR('',#2684,1.);
#2684 = DIRECTION('',(0.,0.,1.));
#2685 = PCURVE('',#2635,#2686);
#2686 = DEFINITIONAL_REPRESENTATION('',(#2687),#2691);
#2687 = LINE('',#2688,#2689);
#2688 = CARTESIAN_POINT('',(0.,-5.));
#2689 = VECTOR('',#2690,1.);
#2690 = DIRECTION('',(1.,0.));
#2691 = ( GEOMETRIC_REPRESENTATION_CONTEXT(2) 
PARAMETRIC_REPRESENTATION_CONTEXT() REPRESENTATION_CONTEXT('2D SPACE',''
  ) );
#2692 = PCURVE('',#2583,#2693);
#2693 = DEFINITIONAL_REPRESENTATION('',(#2694),#2698);
#2694 = LINE('',#2695,#2696);
#2695 = CARTESIAN_POINT('',(0.,22.));
#2696 = VECTOR('',#2697,1.);
#2697 = DIRECTION('',(1.,0.));
#2698 = ( GEOMETRIC_REPRESENTATION_CONTEXT(2) 
PARAMETRIC_REPRESENTATION_CONTEXT() REPRESENTATION_CONTEXT('2D SPACE',''
  ) );
#2699 = ORIENTED_EDGE('',*,*,#2700,.F.);
#2700 = EDGE_CURVE('',#2627,#2678,#2701,.T.);
#2701 = SURFACE_CURVE('',#2702,(#2706,#2713),.PCURVE_S1.);
#2702 = LINE('',#2703,#2704);
#2703 = CARTESIAN_POINT('',(27.,-6.5,3.));
#2704 = VECTOR('',#2705,1.);
#2705 = DIRECTION('',(0.,1.,0.));
#2706 = PCURVE('',#2635,#2707);
#2707 = DEFINITIONAL_REPRESENTATION('',(#2708),#2712);
#2708 = LINE('',#2709,#2710);
#2709 = CARTESIAN_POINT('',(18.,0.));
#2710 = VECTOR('',#2711,1.);
#2711 = DIRECTION('',(0.,-1.));
#2712 = ( GEOMETRIC_REPRESENTATION_CONTEXT(2) 
PARAMETRIC_REPRESENTATION_CONTEXT() REPRESENTATION_CONTEXT('2D SPACE',''
  ) );
#2713 = PCURVE('',#2609,#2714);
#2714 = DEFINITIONAL_REPRESENTATION('',(#2715),#2719);
#2715 = LINE('',#2716,#2717);
#2716 = CARTESIAN_POINT('',(22.,0.));
#2717 = VECTOR('',#2718,1.);
#2718 = DIRECTION('',(0.,1.));
#2719 = ( GEOMETRIC_REPRESENTATION_CONTEXT(2) 
PARAMETRIC_REPRESENTATION_CONTEXT() REPRESENTATION_CONTEXT('2D SPACE',''
  ) );
#2720 = ADVANCED_FACE('',(#2721),#2527,.F.);
#2721 = FACE_BOUND('',#2722,.F.);
#2722 = EDGE_LOOP('',(#2723,#2744,#2745,#2766));
#2723 = ORIENTED_EDGE('',*,*,#2724,.F.);
#2724 = EDGE_CURVE('',#2505,#2625,#2725,.T.);
#2725 = SURFACE_CURVE('',#2726,(#2730,#2737),.PCURVE_S1.);
#2726 = LINE('',#2727,#2728);
#2727 = CARTESIAN_POINT('',(5.,-6.5,-15.));
#2728 = VECTOR('',#2729,1.);
#2729 = DIRECTION('',(1.,0.,0.));
#2730 = PCURVE('',#2527,#2731);
#2731 = DEFINITIONAL_REPRESENTATION('',(#2732),#2736);
#2732 = LINE('',#2733,#2734);
#2733 = CARTESIAN_POINT('',(0.,0.));
#2734 = VECTOR('',#2735,1.);
#2735 = DIRECTION('',(0.,1.));
#2736 = ( GEOMETRIC_REPRESENTATION_CONTEXT(2) 
PARAMETRIC_REPRESENTATION_CONTEXT() REPRESENTATION_CONTEXT('2D SPACE',''
  ) );
#2737 = PCURVE('',#2555,#2738);
#2738 = DEFINITIONAL_REPRESENTATION('',(#2739),#2743);
#2739 = LINE('',#2740,#2741);
#2740 = CARTESIAN_POINT('',(0.,0.));
#2741 = VECTOR('',#2742,1.);
#2742 = DIRECTION('',(1.,0.));
#2743 = ( GEOMETRIC_REPRESENTATION_CONTEXT(2) 
PARAMETRIC_REPRESENTATION_CONTEXT() REPRESENTATION_CONTEXT('2D SPACE',''
  ) );
#2744 = ORIENTED_EDGE('',*,*,#2504,.T.);
#2745 = ORIENTED_EDGE('',*,*,#2746,.T.);
#2746 = EDGE_CURVE('',#2507,#2627,#2747,.T.);
#2747 = SURFACE_CURVE('',#2748,(#2752,#2759),.PCURVE_S1.);
#2748 = LINE('',#2749,#2750);
#2749 = CARTESIAN_POINT('',(5.,-6.5,3.));
#2750 = VECTOR('',#2751,1.);
#2751 = DIRECTION('',(1.,0.,0.));
#2752 = PCURVE('',#2527,#2753);
#2753 = DEFINITIONAL_REPRESENTATION('',(#2754),#2758);
#2754 = LINE('',#2755,#2756);
#2755 = CARTESIAN_POINT('',(18.,0.));
#2756 = VECTOR('',#2757,1.);
#2757 = DIRECTION('',(0.,1.));
#2758 = ( GEOMETRIC_REPRESENTATION_CONTEXT(2) 
PARAMETRIC_REPRESENTATION_CONTEXT() REPRESENTATION_CONTEXT('2D SPACE',''
  ) );
#2759 = PCURVE('',#2609,#2760);
#2760 = DEFINITIONAL_REPRESENTATION('',(#2761),#2765);
#2761 = LINE('',#2762,#2763);
#2762 = CARTESIAN_POINT('',(0.,0.));
#2763 = VECTOR('',#2764,1.);
#2764 = DIRECTION('',(1.,0.));
#2765 = ( GEOMETRIC_REPRESENTATION_CONTEXT(2) 
PARAMETRIC_REPRESENTATION_CONTEXT() REPRESENTATION_CONTEXT('2D SPACE',''
  ) );
#2766 = ORIENTED_EDGE('',*,*,#2624,.F.);
#2767 = ADVANCED_FACE('',(#2768),#2583,.T.);
#2768 = FACE_BOUND('',#2769,.T.);
#2769 = EDGE_LOOP('',(#2770,#2791,#2792,#2813));
#2770 = ORIENTED_EDGE('',*,*,#2771,.F.);
#2771 = EDGE_CURVE('',#2540,#2655,#2772,.T.);
#2772 = SURFACE_CURVE('',#2773,(#2777,#2784),.PCURVE_S1.);
#2773 = LINE('',#2774,#2775);
#2774 = CARTESIAN_POINT('',(5.,-1.5,-15.));
#2775 = VECTOR('',#2776,1.);
#2776 = DIRECTION('',(1.,0.,0.));
#2777 = PCURVE('',#2583,#2778);
#2778 = DEFINITIONAL_REPRESENTATION('',(#2779),#2783);
#2779 = LINE('',#2780,#2781);
#2780 = CARTESIAN_POINT('',(0.,0.));
#2781 = VECTOR('',#2782,1.);
#2782 = DIRECTION('',(0.,1.));
#2783 = ( GEOMETRIC_REPRESENTATION_CONTEXT(2) 
PARAMETRIC_REPRESENTATION_CONTEXT() REPRESENTATION_CONTEXT('2D SPACE',''
  ) );
#2784 = PCURVE('',#2555,#2785);
#2785 = DEFINITIONAL_REPRESENTATION('',(#2786),#2790);
#2786 = LINE('',#2787,#2788);
#2787 = CARTESIAN_POINT('',(0.,5.));
#2788 = VECTOR('',#2789,1.);
#2789 = DIRECTION('',(1.,0.));
#2790 = ( GEOMETRIC_REPRESENTATION_CONTEXT(2) 
PARAMETRIC_REPRESENTATION_CONTEXT() REPRESENTATION_CONTEXT('2D SPACE',''
  ) );
#2791 = ORIENTED_EDGE('',*,*,#2567,.T.);
#2792 = ORIENTED_EDGE('',*,*,#2793,.T.);
#2793 = EDGE_CURVE('',#2568,#2678,#2794,.T.);
#2794 = SURFACE_CURVE('',#2795,(#2799,#2806),.PCURVE_S1.);
#2795 = LINE('',#2796,#2797);
#2796 = CARTESIAN_POINT('',(5.,-1.5,3.));
#2797 = VECTOR('',#2798,1.);
#2798 = DIRECTION('',(1.,0.,0.));
#2799 = PCURVE('',#2583,#2800);
#2800 = DEFINITIONAL_REPRESENTATION('',(#2801),#2805);
#2801 = LINE('',#2802,#2803);
#2802 = CARTESIAN_POINT('',(18.,0.));
#2803 = VECTOR('',#2804,1.);
#2804 = DIRECTION('',(0.,1.));
#2805 = ( GEOMETRIC_REPRESENTATION_CONTEXT(2) 
PARAMETRIC_REPRESENTATION_CONTEXT() REPRESENTATION_CONTEXT('2D SPACE',''
  ) );
#2806 = PCURVE('',#2609,#2807);
#2807 = DEFINITIONAL_REPRESENTATION('',(#2808),#2812);
#2808 = LINE('',#2809,#2810);
#2809 = CARTESIAN_POINT('',(0.,5.));
#2810 = VECTOR('',#2811,1.);
#2811 = DIRECTION('',(1.,0.));
#2812 = ( GEOMETRIC_REPRESENTATION_CONTEXT(2) 
PARAMETRIC_REPRESENTATION_CONTEXT() REPRESENTATION_CONTEXT('2D SPACE',''
  ) );
#2813 = ORIENTED_EDGE('',*,*,#2677,.F.);
#2814 = ADVANCED_FACE('',(#2815),#2555,.F.);
#2815 = FACE_BOUND('',#2816,.F.);
#2816 = EDGE_LOOP('',(#2817,#2818,#2819,#2820));
#2817 = ORIENTED_EDGE('',*,*,#2539,.F.);
#2818 = ORIENTED_EDGE('',*,*,#2724,.T.);
#2819 = ORIENTED_EDGE('',*,*,#2654,.T.);
#2820 = ORIENTED_EDGE('',*,*,#2771,.F.);
#2821 = ADVANCED_FACE('',(#2822),#2609,.T.);
#2822 = FACE_BOUND('',#2823,.T.);
#2823 = EDGE_LOOP('',(#2824,#2825,#2826,#2827));
#2824 = ORIENTED_EDGE('',*,*,#2595,.F.);
#2825 = ORIENTED_EDGE('',*,*,#2746,.T.);
#2826 = ORIENTED_EDGE('',*,*,#2700,.T.);
#2827 = ORIENTED_EDGE('',*,*,#2793,.F.);
#2828 = ( GEOMETRIC_REPRESENTATION_CONTEXT(3) 
GLOBAL_UNCERTAINTY_ASSIGNED_CONTEXT((#2832)) 
GLOBAL_UNIT_ASSIGNED_CONTEXT((#2829,#2830,#2831)) REPRESENTATION_CONTEXT
('Context #1','3D Context with UNIT and UNCERTAINTY') );
#2829 = ( LENGTH_UNIT() NAMED_UNIT(*) SI_UNIT(.MILLI.,.METRE.) );
#2830 = ( NAMED_UNIT(*) PLANE_ANGLE_UNIT() SI_UNIT($,.RADIAN.) );
#2831 = ( NAMED_UNIT(*) SI_UNIT($,.STERADIAN.) SOLID_ANGLE_UNIT() );
#2832 = UNCERTAINTY_MEASURE_WITH_UNIT(LENGTH_MEASURE(1.E-07),#2829,
  'distance_accuracy_value','confusion accuracy');
#2833 = CONTEXT_DEPENDENT_SHAPE_REPRESENTATION(#2834,#2836);
#2834 = ( REPRESENTATION_RELATIONSHIP('','',#2497,#2474) 
REPRESENTATION_RELATIONSHIP_WITH_TRANSFORMATION(#2835) 
SHAPE_REPRESENTATION_RELATIONSHIP() );
#2835 = ITEM_DEFINED_TRANSFORMATION('','',#11,#2475);
#2836 = PRODUCT_DEFINITION_SHAPE('Placement','Placement of an item',
  #2837);
#2837 = NEXT_ASSEMBLY_USAGE_OCCURRENCE('511','=>[0:1:1:23]','',#2469,
  #2492,$);
#2838 = PRODUCT_RELATED_PRODUCT_CATEGORY('part',$,(#2494));
#2839 = SHAPE_DEFINITION_REPRESENTATION(#2840,#2846);
#2840 = PRODUCT_DEFINITION_SHAPE('','',#2841);
#2841 = PRODUCT_DEFINITION('design','',#2842,#2845);
#2842 = PRODUCT_DEFINITION_FORMATION('','',#2843);
#2843 = PRODUCT('ASSEMBLY','ASSEMBLY','',(#2844));
#2844 = PRODUCT_CONTEXT('',#2,'mechanical');
#2845 = PRODUCT_DEFINITION_CONTEXT('part definition',#2,'design');
#2846 = SHAPE_REPRESENTATION('',(#11,#2847),#2851);
#2847 = AXIS2_PLACEMENT_3D('',#2848,#2849,#2850);
#2848 = CARTESIAN_POINT('',(-2.5,-9.,-9.));
#2849 = DIRECTION('',(0.,0.,1.));
#2850 = DIRECTION('',(1.,0.,0.));
#2851 = ( GEOMETRIC_REPRESENTATION_CONTEXT(3) 
GLOBAL_UNCERTAINTY_ASSIGNED_CONTEXT((#2855)) 
GLOBAL_UNIT_ASSIGNED_CONTEXT((#2852,#2853,#2854)) REPRESENTATION_CONTEXT
('Context #1','3D Context with UNIT and UNCERTAINTY') );
#2852 = ( LENGTH_UNIT() NAMED_UNIT(*) SI_UNIT(.MILLI.,.METRE.) );
#2853 = ( NAMED_UNIT(*) PLANE_ANGLE_UNIT() SI_UNIT($,.RADIAN.) );
#2854 = ( NAMED_UNIT(*) SI_UNIT($,.STERADIAN.) SOLID_ANGLE_UNIT() );
#2855 = UNCERTAINTY_MEASURE_WITH_UNIT(LENGTH_MEASURE(1.E-07),#2852,
  'distance_accuracy_value','confusion accuracy');
#2856 = CONTEXT_DEPENDENT_SHAPE_REPRESENTATION(#2857,#2859);
#2857 = ( REPRESENTATION_RELATIONSHIP('','',#2846,#2071) 
REPRESENTATION_RELATIONSHIP_WITH_TRANSFORMATION(#2858) 
SHAPE_REPRESENTATION_RELATIONSHIP() );
#2858 = ITEM_DEFINED_TRANSFORMATION('','',#11,#2080);
#2859 = PRODUCT_DEFINITION_SHAPE('Placement','Placement of an item',
  #2860);
#2860 = NEXT_ASSEMBLY_USAGE_OCCURRENCE('514','=>[0:1:1:24]','',#2066,
  #2841,$);
#2861 = PRODUCT_RELATED_PRODUCT_CATEGORY('part',$,(#2843));
#2862 = SHAPE_DEFINITION_REPRESENTATION(#2863,#2869);
#2863 = PRODUCT_DEFINITION_SHAPE('','',#2864);
#2864 = PRODUCT_DEFINITION('design','',#2865,#2868);
#2865 = PRODUCT_DEFINITION_FORMATION('','',#2866);
#2866 = PRODUCT('SOLID','SOLID','',(#2867));
#2867 = PRODUCT_CONTEXT('',#2,'mechanical');
#2868 = PRODUCT_DEFINITION_CONTEXT('part definition',#2,'design');
#2869 = ADVANCED_BREP_SHAPE_REPRESENTATION('',(#11,#2870),#3200);
#2870 = MANIFOLD_SOLID_BREP('',#2871);
#2871 = CLOSED_SHELL('',(#2872,#2992,#3092,#3139,#3186,#3193));
#2872 = ADVANCED_FACE('',(#2873),#2887,.F.);
#2873 = FACE_BOUND('',#2874,.F.);
#2874 = EDGE_LOOP('',(#2875,#2910,#2938,#2966));
#2875 = ORIENTED_EDGE('',*,*,#2876,.F.);
#2876 = EDGE_CURVE('',#2877,#2879,#2881,.T.);
#2877 = VERTEX_POINT('',#2878);
#2878 = CARTESIAN_POINT('',(-3.5,0.,-15.));
#2879 = VERTEX_POINT('',#2880);
#2880 = CARTESIAN_POINT('',(-3.5,0.,3.));
#2881 = SURFACE_CURVE('',#2882,(#2886,#2898),.PCURVE_S1.);
#2882 = LINE('',#2883,#2884);
#2883 = CARTESIAN_POINT('',(-3.5,0.,-15.));
#2884 = VECTOR('',#2885,1.);
#2885 = DIRECTION('',(0.,0.,1.));
#2886 = PCURVE('',#2887,#2892);
#2887 = PLANE('',#2888);
#2888 = AXIS2_PLACEMENT_3D('',#2889,#2890,#2891);
#2889 = CARTESIAN_POINT('',(-3.5,0.,-15.));
#2890 = DIRECTION('',(1.,0.,0.));
#2891 = DIRECTION('',(0.,0.,1.));
#2892 = DEFINITIONAL_REPRESENTATION('',(#2893),#2897);
#2893 = LINE('',#2894,#2895);
#2894 = CARTESIAN_POINT('',(0.,0.));
#2895 = VECTOR('',#2896,1.);
#2896 = DIRECTION('',(1.,0.));
#2897 = ( GEOMETRIC_REPRESENTATION_CONTEXT(2) 
PARAMETRIC_REPRESENTATION_CONTEXT() REPRESENTATION_CONTEXT('2D SPACE',''
  ) );
#2898 = PCURVE('',#2899,#2904);
#2899 = PLANE('',#2900);
#2900 = AXIS2_PLACEMENT_3D('',#2901,#2902,#2903);
#2901 = CARTESIAN_POINT('',(-3.5,0.,-15.));
#2902 = DIRECTION('',(0.,1.,0.));
#2903 = DIRECTION('',(0.,0.,1.));
#2904 = DEFINITIONAL_REPRESENTATION('',(#2905),#2909);
#2905 = LINE('',#2906,#2907);
#2906 = CARTESIAN_POINT('',(0.,0.));
#2907 = VECTOR('',#2908,1.);
#2908 = DIRECTION('',(1.,0.));
#2909 = ( GEOMETRIC_REPRESENTATION_CONTEXT(2) 
PARAMETRIC_REPRESENTATION_CONTEXT() REPRESENTATION_CONTEXT('2D SPACE',''
  ) );
#2910 = ORIENTED_EDGE('',*,*,#2911,.T.);
#2911 = EDGE_CURVE('',#2877,#2912,#2914,.T.);
#2912 = VERTEX_POINT('',#2913);
#2913 = CARTESIAN_POINT('',(-3.5,18.,-15.));
#2914 = SURFACE_CURVE('',#2915,(#2919,#2926),.PCURVE_S1.);
#2915 = LINE('',#2916,#2917);
#2916 = CARTESIAN_POINT('',(-3.5,0.,-15.));
#2917 = VECTOR('',#2918,1.);
#2918 = DIRECTION('',(0.,1.,0.));
#2919 = PCURVE('',#2887,#2920);
#2920 = DEFINITIONAL_REPRESENTATION('',(#2921),#2925);
#2921 = LINE('',#2922,#2923);
#2922 = CARTESIAN_POINT('',(0.,0.));
#2923 = VECTOR('',#2924,1.);
#2924 = DIRECTION('',(0.,-1.));
#2925 = ( GEOMETRIC_REPRESENTATION_CONTEXT(2) 
PARAMETRIC_REPRESENTATION_CONTEXT() REPRESENTATION_CONTEXT('2D SPACE',''
  ) );
#2926 = PCURVE('',#2927,#2932);
#2927 = PLANE('',#2928);
#2928 = AXIS2_PLACEMENT_3D('',#2929,#2930,#2931);
#2929 = CARTESIAN_POINT('',(-3.5,0.,-15.));
#2930 = DIRECTION('',(0.,0.,1.));
#2931 = DIRECTION('',(1.,0.,0.));
#2932 = DEFINITIONAL_REPRESENTATION('',(#2933),#2937);
#2933 = LINE('',#2934,#2935);
#2934 = CARTESIAN_POINT('',(0.,0.));
#2935 = VECTOR('',#2936,1.);
#2936 = DIRECTION('',(0.,1.));
#2937 = ( GEOMETRIC_REPRESENTATION_CONTEXT(2) 
PARAMETRIC_REPRESENTATION_CONTEXT() REPRESENTATION_CONTEXT('2D SPACE',''
  ) );
#2938 = ORIENTED_EDGE('',*,*,#2939,.T.);
#2939 = EDGE_CURVE('',#2912,#2940,#2942,.T.);
#2940 = VERTEX_POINT('',#2941);
#2941 = CARTESIAN_POINT('',(-3.5,18.,3.));
#2942 = SURFACE_CURVE('',#2943,(#2947,#2954),.PCURVE_S1.);
#2943 = LINE('',#2944,#2945);
#2944 = CARTESIAN_POINT('',(-3.5,18.,-15.));
#2945 = VECTOR('',#2946,1.);
#2946 = DIRECTION('',(0.,0.,1.));
#2947 = PCURVE('',#2887,#2948);
#2948 = DEFINITIONAL_REPRESENTATION('',(#2949),#2953);
#2949 = LINE('',#2950,#2951);
#2950 = CARTESIAN_POINT('',(0.,-18.));
#2951 = VECTOR('',#2952,1.);
#2952 = DIRECTION('',(1.,0.));
#2953 = ( GEOMETRIC_REPRESENTATION_CONTEXT(2) 
PARAMETRIC_REPRESENTATION_CONTEXT() REPRESENTATION_CONTEXT('2D SPACE',''
  ) );
#2954 = PCURVE('',#2955,#2960);
#2955 = PLANE('',#2956);
#2956 = AXIS2_PLACEMENT_3D('',#2957,#2958,#2959);
#2957 = CARTESIAN_POINT('',(-3.5,18.,-15.));
#2958 = DIRECTION('',(0.,1.,0.));
#2959 = DIRECTION('',(0.,0.,1.));
#2960 = DEFINITIONAL_REPRESENTATION('',(#2961),#2965);
#2961 = LINE('',#2962,#2963);
#2962 = CARTESIAN_POINT('',(0.,0.));
#2963 = VECTOR('',#2964,1.);
#2964 = DIRECTION('',(1.,0.));
#2965 = ( GEOMETRIC_REPRESENTATION_CONTEXT(2) 
PARAMETRIC_REPRESENTATION_CONTEXT() REPRESENTATION_CONTEXT('2D SPACE',''
  ) );
#2966 = ORIENTED_EDGE('',*,*,#2967,.F.);
#2967 = EDGE_CURVE('',#2879,#2940,#2968,.T.);
#2968 = SURFACE_CURVE('',#2969,(#2973,#2980),.PCURVE_S1.);
#2969 = LINE('',#2970,#2971);
#2970 = CARTESIAN_POINT('',(-3.5,0.,3.));
#2971 = VECTOR('',#2972,1.);
#2972 = DIRECTION('',(0.,1.,0.));
#2973 = PCURVE('',#2887,#2974);
#2974 = DEFINITIONAL_REPRESENTATION('',(#2975),#2979);
#2975 = LINE('',#2976,#2977);
#2976 = CARTESIAN_POINT('',(18.,0.));
#2977 = VECTOR('',#2978,1.);
#2978 = DIRECTION('',(0.,-1.));
#2979 = ( GEOMETRIC_REPRESENTATION_CONTEXT(2) 
PARAMETRIC_REPRESENTATION_CONTEXT() REPRESENTATION_CONTEXT('2D SPACE',''
  ) );
#2980 = PCURVE('',#2981,#2986);
#2981 = PLANE('',#2982);
#2982 = AXIS2_PLACEMENT_3D('',#2983,#2984,#2985);
#2983 = CARTESIAN_POINT('',(-3.5,0.,3.));
#2984 = DIRECTION('',(0.,0.,1.));
#2985 = DIRECTION('',(1.,0.,0.));
#2986 = DEFINITIONAL_REPRESENTATION('',(#2987),#2991);
#2987 = LINE('',#2988,#2989);
#2988 = CARTESIAN_POINT('',(0.,0.));
#2989 = VECTOR('',#2990,1.);
#2990 = DIRECTION('',(0.,1.));
#2991 = ( GEOMETRIC_REPRESENTATION_CONTEXT(2) 
PARAMETRIC_REPRESENTATION_CONTEXT() REPRESENTATION_CONTEXT('2D SPACE',''
  ) );
#2992 = ADVANCED_FACE('',(#2993),#3007,.T.);
#2993 = FACE_BOUND('',#2994,.T.);
#2994 = EDGE_LOOP('',(#2995,#3025,#3048,#3071));
#2995 = ORIENTED_EDGE('',*,*,#2996,.F.);
#2996 = EDGE_CURVE('',#2997,#2999,#3001,.T.);
#2997 = VERTEX_POINT('',#2998);
#2998 = CARTESIAN_POINT('',(1.5,0.,-15.));
#2999 = VERTEX_POINT('',#3000);
#3000 = CARTESIAN_POINT('',(1.5,0.,3.));
#3001 = SURFACE_CURVE('',#3002,(#3006,#3018),.PCURVE_S1.);
#3002 = LINE('',#3003,#3004);
#3003 = CARTESIAN_POINT('',(1.5,0.,-15.));
#3004 = VECTOR('',#3005,1.);
#3005 = DIRECTION('',(0.,0.,1.));
#3006 = PCURVE('',#3007,#3012);
#3007 = PLANE('',#3008);
#3008 = AXIS2_PLACEMENT_3D('',#3009,#3010,#3011);
#3009 = CARTESIAN_POINT('',(1.5,0.,-15.));
#3010 = DIRECTION('',(1.,0.,0.));
#3011 = DIRECTION('',(0.,0.,1.));
#3012 = DEFINITIONAL_REPRESENTATION('',(#3013),#3017);
#3013 = LINE('',#3014,#3015);
#3014 = CARTESIAN_POINT('',(0.,0.));
#3015 = VECTOR('',#3016,1.);
#3016 = DIRECTION('',(1.,0.));
#3017 = ( GEOMETRIC_REPRESENTATION_CONTEXT(2) 
PARAMETRIC_REPRESENTATION_CONTEXT() REPRESENTATION_CONTEXT('2D SPACE',''
  ) );
#3018 = PCURVE('',#2899,#3019);
#3019 = DEFINITIONAL_REPRESENTATION('',(#3020),#3024);
#3020 = LINE('',#3021,#3022);
#3021 = CARTESIAN_POINT('',(0.,5.));
#3022 = VECTOR('',#3023,1.);
#3023 = DIRECTION('',(1.,0.));
#3024 = ( GEOMETRIC_REPRESENTATION_CONTEXT(2) 
PARAMETRIC_REPRESENTATION_CONTEXT() REPRESENTATION_CONTEXT('2D SPACE',''
  ) );
#3025 = ORIENTED_EDGE('',*,*,#3026,.T.);
#3026 = EDGE_CURVE('',#2997,#3027,#3029,.T.);
#3027 = VERTEX_POINT('',#3028);
#3028 = CARTESIAN_POINT('',(1.5,18.,-15.));
#3029 = SURFACE_CURVE('',#3030,(#3034,#3041),.PCURVE_S1.);
#3030 = LINE('',#3031,#3032);
#3031 = CARTESIAN_POINT('',(1.5,0.,-15.));
#3032 = VECTOR('',#3033,1.);
#3033 = DIRECTION('',(0.,1.,0.));
#3034 = PCURVE('',#3007,#3035);
#3035 = DEFINITIONAL_REPRESENTATION('',(#3036),#3040);
#3036 = LINE('',#3037,#3038);
#3037 = CARTESIAN_POINT('',(0.,0.));
#3038 = VECTOR('',#3039,1.);
#3039 = DIRECTION('',(0.,-1.));
#3040 = ( GEOMETRIC_REPRESENTATION_CONTEXT(2) 
PARAMETRIC_REPRESENTATION_CONTEXT() REPRESENTATION_CONTEXT('2D SPACE',''
  ) );
#3041 = PCURVE('',#2927,#3042);
#3042 = DEFINITIONAL_REPRESENTATION('',(#3043),#3047);
#3043 = LINE('',#3044,#3045);
#3044 = CARTESIAN_POINT('',(5.,0.));
#3045 = VECTOR('',#3046,1.);
#3046 = DIRECTION('',(0.,1.));
#3047 = ( GEOMETRIC_REPRESENTATION_CONTEXT(2) 
PARAMETRIC_REPRESENTATION_CONTEXT() REPRESENTATION_CONTEXT('2D SPACE',''
  ) );
#3048 = ORIENTED_EDGE('',*,*,#3049,.T.);
#3049 = EDGE_CURVE('',#3027,#3050,#3052,.T.);
#3050 = VERTEX_POINT('',#3051);
#3051 = CARTESIAN_POINT('',(1.5,18.,3.));
#3052 = SURFACE_CURVE('',#3053,(#3057,#3064),.PCURVE_S1.);
#3053 = LINE('',#3054,#3055);
#3054 = CARTESIAN_POINT('',(1.5,18.,-15.));
#3055 = VECTOR('',#3056,1.);
#3056 = DIRECTION('',(0.,0.,1.));
#3057 = PCURVE('',#3007,#3058);
#3058 = DEFINITIONAL_REPRESENTATION('',(#3059),#3063);
#3059 = LINE('',#3060,#3061);
#3060 = CARTESIAN_POINT('',(0.,-18.));
#3061 = VECTOR('',#3062,1.);
#3062 = DIRECTION('',(1.,0.));
#3063 = ( GEOMETRIC_REPRESENTATION_CONTEXT(2) 
PARAMETRIC_REPRESENTATION_CONTEXT() REPRESENTATION_CONTEXT('2D SPACE',''
  ) );
#3064 = PCURVE('',#2955,#3065);
#3065 = DEFINITIONAL_REPRESENTATION('',(#3066),#3070);
#3066 = LINE('',#3067,#3068);
#3067 = CARTESIAN_POINT('',(0.,5.));
#3068 = VECTOR('',#3069,1.);
#3069 = DIRECTION('',(1.,0.));
#3070 = ( GEOMETRIC_REPRESENTATION_CONTEXT(2) 
PARAMETRIC_REPRESENTATION_CONTEXT() REPRESENTATION_CONTEXT('2D SPACE',''
  ) );
#3071 = ORIENTED_EDGE('',*,*,#3072,.F.);
#3072 = EDGE_CURVE('',#2999,#3050,#3073,.T.);
#3073 = SURFACE_CURVE('',#3074,(#3078,#3085),.PCURVE_S1.);
#3074 = LINE('',#3075,#3076);
#3075 = CARTESIAN_POINT('',(1.5,0.,3.));
#3076 = VECTOR('',#3077,1.);
#3077 = DIRECTION('',(0.,1.,0.));
#3078 = PCURVE('',#3007,#3079);
#3079 = DEFINITIONAL_REPRESENTATION('',(#3080),#3084);
#3080 = LINE('',#3081,#3082);
#3081 = CARTESIAN_POINT('',(18.,0.));
#3082 = VECTOR('',#3083,1.);
#3083 = DIRECTION('',(0.,-1.));
#3084 = ( GEOMETRIC_REPRESENTATION_CONTEXT(2) 
PARAMETRIC_REPRESENTATION_CONTEXT() REPRESENTATION_CONTEXT('2D SPACE',''
  ) );
#3085 = PCURVE('',#2981,#3086);
#3086 = DEFINITIONAL_REPRESENTATION('',(#3087),#3091);
#3087 = LINE('',#3088,#3089);
#3088 = CARTESIAN_POINT('',(5.,0.));
#3089 = VECTOR('',#3090,1.);
#3090 = DIRECTION('',(0.,1.));
#3091 = ( GEOMETRIC_REPRESENTATION_CONTEXT(2) 
PARAMETRIC_REPRESENTATION_CONTEXT() REPRESENTATION_CONTEXT('2D SPACE',''
  ) );
#3092 = ADVANCED_FACE('',(#3093),#2899,.F.);
#3093 = FACE_BOUND('',#3094,.F.);
#3094 = EDGE_LOOP('',(#3095,#3116,#3117,#3138));
#3095 = ORIENTED_EDGE('',*,*,#3096,.F.);
#3096 = EDGE_CURVE('',#2877,#2997,#3097,.T.);
#3097 = SURFACE_CURVE('',#3098,(#3102,#3109),.PCURVE_S1.);
#3098 = LINE('',#3099,#3100);
#3099 = CARTESIAN_POINT('',(-3.5,0.,-15.));
#3100 = VECTOR('',#3101,1.);
#3101 = DIRECTION('',(1.,0.,0.));
#3102 = PCURVE('',#2899,#3103);
#3103 = DEFINITIONAL_REPRESENTATION('',(#3104),#3108);
#3104 = LINE('',#3105,#3106);
#3105 = CARTESIAN_POINT('',(0.,0.));
#3106 = VECTOR('',#3107,1.);
#3107 = DIRECTION('',(0.,1.));
#3108 = ( GEOMETRIC_REPRESENTATION_CONTEXT(2) 
PARAMETRIC_REPRESENTATION_CONTEXT() REPRESENTATION_CONTEXT('2D SPACE',''
  ) );
#3109 = PCURVE('',#2927,#3110);
#3110 = DEFINITIONAL_REPRESENTATION('',(#3111),#3115);
#3111 = LINE('',#3112,#3113);
#3112 = CARTESIAN_POINT('',(0.,0.));
#3113 = VECTOR('',#3114,1.);
#3114 = DIRECTION('',(1.,0.));
#3115 = ( GEOMETRIC_REPRESENTATION_CONTEXT(2) 
PARAMETRIC_REPRESENTATION_CONTEXT() REPRESENTATION_CONTEXT('2D SPACE',''
  ) );
#3116 = ORIENTED_EDGE('',*,*,#2876,.T.);
#3117 = ORIENTED_EDGE('',*,*,#3118,.T.);
#3118 = EDGE_CURVE('',#2879,#2999,#3119,.T.);
#3119 = SURFACE_CURVE('',#3120,(#3124,#3131),.PCURVE_S1.);
#3120 = LINE('',#3121,#3122);
#3121 = CARTESIAN_POINT('',(-3.5,0.,3.));
#3122 = VECTOR('',#3123,1.);
#3123 = DIRECTION('',(1.,0.,0.));
#3124 = PCURVE('',#2899,#3125);
#3125 = DEFINITIONAL_REPRESENTATION('',(#3126),#3130);
#3126 = LINE('',#3127,#3128);
#3127 = CARTESIAN_POINT('',(18.,0.));
#3128 = VECTOR('',#3129,1.);
#3129 = DIRECTION('',(0.,1.));
#3130 = ( GEOMETRIC_REPRESENTATION_CONTEXT(2) 
PARAMETRIC_REPRESENTATION_CONTEXT() REPRESENTATION_CONTEXT('2D SPACE',''
  ) );
#3131 = PCURVE('',#2981,#3132);
#3132 = DEFINITIONAL_REPRESENTATION('',(#3133),#3137);
#3133 = LINE('',#3134,#3135);
#3134 = CARTESIAN_POINT('',(0.,0.));
#3135 = VECTOR('',#3136,1.);
#3136 = DIRECTION('',(1.,0.));
#3137 = ( GEOMETRIC_REPRESENTATION_CONTEXT(2) 
PARAMETRIC_REPRESENTATION_CONTEXT() REPRESENTATION_CONTEXT('2D SPACE',''
  ) );
#3138 = ORIENTED_EDGE('',*,*,#2996,.F.);
#3139 = ADVANCED_FACE('',(#3140),#2955,.T.);
#3140 = FACE_BOUND('',#3141,.T.);
#3141 = EDGE_LOOP('',(#3142,#3163,#3164,#3185));
#3142 = ORIENTED_EDGE('',*,*,#3143,.F.);
#3143 = EDGE_CURVE('',#2912,#3027,#3144,.T.);
#3144 = SURFACE_CURVE('',#3145,(#3149,#3156),.PCURVE_S1.);
#3145 = LINE('',#3146,#3147);
#3146 = CARTESIAN_POINT('',(-3.5,18.,-15.));
#3147 = VECTOR('',#3148,1.);
#3148 = DIRECTION('',(1.,0.,0.));
#3149 = PCURVE('',#2955,#3150);
#3150 = DEFINITIONAL_REPRESENTATION('',(#3151),#3155);
#3151 = LINE('',#3152,#3153);
#3152 = CARTESIAN_POINT('',(0.,0.));
#3153 = VECTOR('',#3154,1.);
#3154 = DIRECTION('',(0.,1.));
#3155 = ( GEOMETRIC_REPRESENTATION_CONTEXT(2) 
PARAMETRIC_REPRESENTATION_CONTEXT() REPRESENTATION_CONTEXT('2D SPACE',''
  ) );
#3156 = PCURVE('',#2927,#3157);
#3157 = DEFINITIONAL_REPRESENTATION('',(#3158),#3162);
#3158 = LINE('',#3159,#3160);
#3159 = CARTESIAN_POINT('',(0.,18.));
#3160 = VECTOR('',#3161,1.);
#3161 = DIRECTION('',(1.,0.));
#3162 = ( GEOMETRIC_REPRESENTATION_CONTEXT(2) 
PARAMETRIC_REPRESENTATION_CONTEXT() REPRESENTATION_CONTEXT('2D SPACE',''
  ) );
#3163 = ORIENTED_EDGE('',*,*,#2939,.T.);
#3164 = ORIENTED_EDGE('',*,*,#3165,.T.);
#3165 = EDGE_CURVE('',#2940,#3050,#3166,.T.);
#3166 = SURFACE_CURVE('',#3167,(#3171,#3178),.PCURVE_S1.);
#3167 = LINE('',#3168,#3169);
#3168 = CARTESIAN_POINT('',(-3.5,18.,3.));
#3169 = VECTOR('',#3170,1.);
#3170 = DIRECTION('',(1.,0.,0.));
#3171 = PCURVE('',#2955,#3172);
#3172 = DEFINITIONAL_REPRESENTATION('',(#3173),#3177);
#3173 = LINE('',#3174,#3175);
#3174 = CARTESIAN_POINT('',(18.,0.));
#3175 = VECTOR('',#3176,1.);
#3176 = DIRECTION('',(0.,1.));
#3177 = ( GEOMETRIC_REPRESENTATION_CONTEXT(2) 
PARAMETRIC_REPRESENTATION_CONTEXT() REPRESENTATION_CONTEXT('2D SPACE',''
  ) );
#3178 = PCURVE('',#2981,#3179);
#3179 = DEFINITIONAL_REPRESENTATION('',(#3180),#3184);
#3180 = LINE('',#3181,#3182);
#3181 = CARTESIAN_POINT('',(0.,18.));
#3182 = VECTOR('',#3183,1.);
#3183 = DIRECTION('',(1.,0.));
#3184 = ( GEOMETRIC_REPRESENTATION_CONTEXT(2) 
PARAMETRIC_REPRESENTATION_CONTEXT() REPRESENTATION_CONTEXT('2D SPACE',''
  ) );
#3185 = ORIENTED_EDGE('',*,*,#3049,.F.);
#3186 = ADVANCED_FACE('',(#3187),#2927,.F.);
#3187 = FACE_BOUND('',#3188,.F.);
#3188 = EDGE_LOOP('',(#3189,#3190,#3191,#3192));
#3189 = ORIENTED_EDGE('',*,*,#2911,.F.);
#3190 = ORIENTED_EDGE('',*,*,#3096,.T.);
#3191 = ORIENTED_EDGE('',*,*,#3026,.T.);
#3192 = ORIENTED_EDGE('',*,*,#3143,.F.);
#3193 = ADVANCED_FACE('',(#3194),#2981,.T.);
#3194 = FACE_BOUND('',#3195,.T.);
#3195 = EDGE_LOOP('',(#3196,#3197,#3198,#3199));
#3196 = ORIENTED_EDGE('',*,*,#2967,.F.);
#3197 = ORIENTED_EDGE('',*,*,#3118,.T.);
#3198 = ORIENTED_EDGE('',*,*,#3072,.T.);
#3199 = ORIENTED_EDGE('',*,*,#3165,.F.);
#3200 = ( GEOMETRIC_REPRESENTATION_CONTEXT(3) 
GLOBAL_UNCERTAINTY_ASSIGNED_CONTEXT((#3204)) 
GLOBAL_UNIT_ASSIGNED_CONTEXT((#3201,#3202,#3203)) REPRESENTATION_CONTEXT
('Context #1','3D Context with UNIT and UNCERTAINTY') );
#3201 = ( LENGTH_UNIT() NAMED_UNIT(*) SI_UNIT(.MILLI.,.METRE.) );
#3202 = ( NAMED_UNIT(*) PLANE_ANGLE_UNIT() SI_UNIT($,.RADIAN.) );
#3203 = ( NAMED_UNIT(*) SI_UNIT($,.STERADIAN.) SOLID_ANGLE_UNIT() );
#3204 = UNCERTAINTY_MEASURE_WITH_UNIT(LENGTH_MEASURE(1.E-07),#3201,
  'distance_accuracy_value','confusion accuracy');
#3205 = CONTEXT_DEPENDENT_SHAPE_REPRESENTATION(#3206,#3208);
#3206 = ( REPRESENTATION_RELATIONSHIP('','',#2869,#2846) 
REPRESENTATION_RELATIONSHIP_WITH_TRANSFORMATION(#3207) 
SHAPE_REPRESENTATION_RELATIONSHIP() );
#3207 = ITEM_DEFINED_TRANSFORMATION('','',#11,#2847);
#3208 = PRODUCT_DEFINITION_SHAPE('Placement','Placement of an item',
  #3209);
#3209 = NEXT_ASSEMBLY_USAGE_OCCURRENCE('513','=>[0:1:1:25]','',#2841,
  #2864,$);
#3210 = PRODUCT_RELATED_PRODUCT_CATEGORY('part',$,(#2866));
#3211 = SHAPE_DEFINITION_REPRESENTATION(#3212,#3218);
#3212 = PRODUCT_DEFINITION_SHAPE('','',#3213);
#3213 = PRODUCT_DEFINITION('design','',#3214,#3217);
#3214 = PRODUCT_DEFINITION_FORMATION('','',#3215);
#3215 = PRODUCT('fixed_stand','fixed_stand','',(#3216));
#3216 = PRODUCT_CONTEXT('',#2,'mechanical');
#3217 = PRODUCT_DEFINITION_CONTEXT('part definition',#2,'design');
#3218 = SHAPE_REPRESENTATION('',(#11,#3219),#3223);
#3219 = AXIS2_PLACEMENT_3D('',#3220,#3221,#3222);
#3220 = CARTESIAN_POINT('',(0.,0.,0.));
#3221 = DIRECTION('',(0.,0.,1.));
#3222 = DIRECTION('',(1.,0.,0.));
#3223 = ( GEOMETRIC_REPRESENTATION_CONTEXT(3) 
GLOBAL_UNCERTAINTY_ASSIGNED_CONTEXT((#3227)) 
GLOBAL_UNIT_ASSIGNED_CONTEXT((#3224,#3225,#3226)) REPRESENTATION_CONTEXT
('Context #1','3D Context with UNIT and UNCERTAINTY') );
#3224 = ( LENGTH_UNIT() NAMED_UNIT(*) SI_UNIT(.MILLI.,.METRE.) );
#3225 = ( NAMED_UNIT(*) PLANE_ANGLE_UNIT() SI_UNIT($,.RADIAN.) );
#3226 = ( NAMED_UNIT(*) SI_UNIT($,.STERADIAN.) SOLID_ANGLE_UNIT() );
#3227 = UNCERTAINTY_MEASURE_WITH_UNIT(LENGTH_MEASURE(1.E-07),#3224,
  'distance_accuracy_value','confusion accuracy');
#3228 = CONTEXT_DEPENDENT_SHAPE_REPRESENTATION(#3229,#3231);
#3229 = ( REPRESENTATION_RELATIONSHIP('','',#3218,#10) 
REPRESENTATION_RELATIONSHIP_WITH_TRANSFORMATION(#3230) 
SHAPE_REPRESENTATION_RELATIONSHIP() );
#3230 = ITEM_DEFINED_TRANSFORMATION('','',#11,#39);
#3231 = PRODUCT_DEFINITION_SHAPE('Placement','Placement of an item',
  #3232);
#3232 = NEXT_ASSEMBLY_USAGE_OCCURRENCE('517','=>[0:1:1:26]','',#5,#3213,
  $);
#3233 = PRODUCT_RELATED_PRODUCT_CATEGORY('part',$,(#3215));
#3234 = SHAPE_DEFINITION_REPRESENTATION(#3235,#3241);
#3235 = PRODUCT_DEFINITION_SHAPE('','',#3236);
#3236 = PRODUCT_DEFINITION('design','',#3237,#3240);
#3237 = PRODUCT_DEFINITION_FORMATION('','',#3238);
#3238 = PRODUCT('SOLID','SOLID','',(#3239));
#3239 = PRODUCT_CONTEXT('',#2,'mechanical');
#3240 = PRODUCT_DEFINITION_CONTEXT('part definition',#2,'design');
#3241 = ADVANCED_BREP_SHAPE_REPRESENTATION('',(#11,#3242),#3254);
#3242 = MANIFOLD_SOLID_BREP('',#3243);
#3243 = CLOSED_SHELL('',(#3244));
#3244 = ADVANCED_FACE('',(#3245),#3249,.T.);
#3245 = FACE_BOUND('',#3246,.T.);
#3246 = VERTEX_LOOP('',#3247);
#3247 = VERTEX_POINT('',#3248);
#3248 = CARTESIAN_POINT('',(20.,30.,-2.5));
#3249 = SPHERICAL_SURFACE('',#3250,2.5);
#3250 = AXIS2_PLACEMENT_3D('',#3251,#3252,#3253);
#3251 = CARTESIAN_POINT('',(20.,30.,0.));
#3252 = DIRECTION('',(0.,0.,1.));
#3253 = DIRECTION('',(1.,0.,0.));
#3254 = ( GEOMETRIC_REPRESENTATION_CONTEXT(3) 
GLOBAL_UNCERTAINTY_ASSIGNED_CONTEXT((#3258)) 
GLOBAL_UNIT_ASSIGNED_CONTEXT((#3255,#3256,#3257)) REPRESENTATION_CONTEXT
('Context #1','3D Context with UNIT and UNCERTAINTY') );
#3255 = ( LENGTH_UNIT() NAMED_UNIT(*) SI_UNIT(.MILLI.,.METRE.) );
#3256 = ( NAMED_UNIT(*) PLANE_ANGLE_UNIT() SI_UNIT($,.RADIAN.) );
#3257 = ( NAMED_UNIT(*) SI_UNIT($,.STERADIAN.) SOLID_ANGLE_UNIT() );
#3258 = UNCERTAINTY_MEASURE_WITH_UNIT(LENGTH_MEASURE(1.E-07),#3255,
  'distance_accuracy_value','confusion accuracy');
#3259 = CONTEXT_DEPENDENT_SHAPE_REPRESENTATION(#3260,#3262);
#3260 = ( REPRESENTATION_RELATIONSHIP('','',#3241,#3218) 
REPRESENTATION_RELATIONSHIP_WITH_TRANSFORMATION(#3261) 
SHAPE_REPRESENTATION_RELATIONSHIP() );
#3261 = ITEM_DEFINED_TRANSFORMATION('','',#11,#3219);
#3262 = PRODUCT_DEFINITION_SHAPE('Placement','Placement of an item',
  #3263);
#3263 = NEXT_ASSEMBLY_USAGE_OCCURRENCE('516','=>[0:1:1:27]','',#3213,
  #3236,$);
#3264 = PRODUCT_RELATED_PRODUCT_CATEGORY('part',$,(#3238));
#3265 = SHAPE_DEFINITION_REPRESENTATION(#3266,#3272);
#3266 = PRODUCT_DEFINITION_SHAPE('','',#3267);
#3267 = PRODUCT_DEFINITION('design','',#3268,#3271);
#3268 = PRODUCT_DEFINITION_FORMATION('','',#3269);
#3269 = PRODUCT('robot_body','robot_body','',(#3270));
#3270 = PRODUCT_CONTEXT('',#2,'mechanical');
#3271 = PRODUCT_DEFINITION_CONTEXT('part definition',#2,'design');
#3272 = SHAPE_REPRESENTATION('',(#11,#3273),#3277);
#3273 = AXIS2_PLACEMENT_3D('',#3274,#3275,#3276);
#3274 = CARTESIAN_POINT('',(0.,0.,0.));
#3275 = DIRECTION('',(0.,0.,1.));
#3276 = DIRECTION('',(1.,0.,0.));
#3277 = ( GEOMETRIC_REPRESENTATION_CONTEXT(3) 
GLOBAL_UNCERTAINTY_ASSIGNED_CONTEXT((#3281)) 
GLOBAL_UNIT_ASSIGNED_CONTEXT((#3278,#3279,#3280)) REPRESENTATION_CONTEXT
('Context #1','3D Context with UNIT and UNCERTAINTY') );
#3278 = ( LENGTH_UNIT() NAMED_UNIT(*) SI_UNIT(.MILLI.,.METRE.) );
#3279 = ( NAMED_UNIT(*) PLANE_ANGLE_UNIT() SI_UNIT($,.RADIAN.) );
#3280 = ( NAMED_UNIT(*) SI_UNIT($,.STERADIAN.) SOLID_ANGLE_UNIT() );
#3281 = UNCERTAINTY_MEASURE_WITH_UNIT(LENGTH_MEASURE(1.E-07),#3278,
  'distance_accuracy_value','confusion accuracy');
#3282 = CONTEXT_DEPENDENT_SHAPE_REPRESENTATION(#3283,#3285);
#3283 = ( REPRESENTATION_RELATIONSHIP('','',#3272,#10) 
REPRESENTATION_RELATIONSHIP_WITH_TRANSFORMATION(#3284) 
SHAPE_REPRESENTATION_RELATIONSHIP() );
#3284 = ITEM_DEFINED_TRANSFORMATION('','',#11,#43);
#3285 = PRODUCT_DEFINITION_SHAPE('Placement','Placement of an item',
  #3286);
#3286 = NEXT_ASSEMBLY_USAGE_OCCURRENCE('519','=>[0:1:1:28]','',#5,#3267,
  $);
#3287 = PRODUCT_RELATED_PRODUCT_CATEGORY('part',$,(#3269));
#3288 = SHAPE_DEFINITION_REPRESENTATION(#3289,#3295);
#3289 = PRODUCT_DEFINITION_SHAPE('','',#3290);
#3290 = PRODUCT_DEFINITION('design','',#3291,#3294);
#3291 = PRODUCT_DEFINITION_FORMATION('','',#3292);
#3292 = PRODUCT('SOLID','SOLID','',(#3293));
#3293 = PRODUCT_CONTEXT('',#2,'mechanical');
#3294 = PRODUCT_DEFINITION_CONTEXT('part definition',#2,'design');
#3295 = ADVANCED_BREP_SHAPE_REPRESENTATION('',(#11,#3296),#3308);
#3296 = MANIFOLD_SOLID_BREP('',#3297);
#3297 = CLOSED_SHELL('',(#3298));
#3298 = ADVANCED_FACE('',(#3299),#3303,.T.);
#3299 = FACE_BOUND('',#3300,.T.);
#3300 = VERTEX_LOOP('',#3301);
#3301 = VERTEX_POINT('',#3302);
#3302 = CARTESIAN_POINT('',(28.,30.,-2.5));
#3303 = SPHERICAL_SURFACE('',#3304,2.5);
#3304 = AXIS2_PLACEMENT_3D('',#3305,#3306,#3307);
#3305 = CARTESIAN_POINT('',(28.,30.,0.));
#3306 = DIRECTION('',(0.,0.,1.));
#3307 = DIRECTION('',(1.,0.,0.));
#3308 = ( GEOMETRIC_REPRESENTATION_CONTEXT(3) 
GLOBAL_UNCERTAINTY_ASSIGNED_CONTEXT((#3312)) 
GLOBAL_UNIT_ASSIGNED_CONTEXT((#3309,#3310,#3311)) REPRESENTATION_CONTEXT
('Context #1','3D Context with UNIT and UNCERTAINTY') );
#3309 = ( LENGTH_UNIT() NAMED_UNIT(*) SI_UNIT(.MILLI.,.METRE.) );
#3310 = ( NAMED_UNIT(*) PLANE_ANGLE_UNIT() SI_UNIT($,.RADIAN.) );
#3311 = ( NAMED_UNIT(*) SI_UNIT($,.STERADIAN.) SOLID_ANGLE_UNIT() );
#3312 = UNCERTAINTY_MEASURE_WITH_UNIT(LENGTH_MEASURE(1.E-07),#3309,
  'distance_accuracy_value','confusion accuracy');
#3313 = CONTEXT_DEPENDENT_SHAPE_REPRESENTATION(#3314,#3316);
#3314 = ( REPRESENTATION_RELATIONSHIP('','',#3295,#3272) 
REPRESENTATION_RELATIONSHIP_WITH_TRANSFORMATION(#3315) 
SHAPE_REPRESENTATION_RELATIONSHIP() );
#3315 = ITEM_DEFINED_TRANSFORMATION('','',#11,#3273);
#3316 = PRODUCT_DEFINITION_SHAPE('Placement','Placement of an item',
  #3317);
#3317 = NEXT_ASSEMBLY_USAGE_OCCURRENCE('518','=>[0:1:1:29]','',#3267,
  #3290,$);
#3318 = PRODUCT_RELATED_PRODUCT_CATEGORY('part',$,(#3292));
#3319 = SHAPE_DEFINITION_REPRESENTATION(#3320,#3326);
#3320 = PRODUCT_DEFINITION_SHAPE('','',#3321);
#3321 = PRODUCT_DEFINITION('design','',#3322,#3325);
#3322 = PRODUCT_DEFINITION_FORMATION('','',#3323);
#3323 = PRODUCT('swivel_stand','swivel_stand','',(#3324));
#3324 = PRODUCT_CONTEXT('',#2,'mechanical');
#3325 = PRODUCT_DEFINITION_CONTEXT('part definition',#2,'design');
#3326 = SHAPE_REPRESENTATION('',(#11,#3327),#3331);
#3327 = AXIS2_PLACEMENT_3D('',#3328,#3329,#3330);
#3328 = CARTESIAN_POINT('',(0.,0.,0.));
#3329 = DIRECTION('',(0.,0.,1.));
#3330 = DIRECTION('',(1.,0.,0.));
#3331 = ( GEOMETRIC_REPRESENTATION_CONTEXT(3) 
GLOBAL_UNCERTAINTY_ASSIGNED_CONTEXT((#3335)) 
GLOBAL_UNIT_ASSIGNED_CONTEXT((#3332,#3333,#3334)) REPRESENTATION_CONTEXT
('Context #1','3D Context with UNIT and UNCERTAINTY') );
#3332 = ( LENGTH_UNIT() NAMED_UNIT(*) SI_UNIT(.MILLI.,.METRE.) );
#3333 = ( NAMED_UNIT(*) PLANE_ANGLE_UNIT() SI_UNIT($,.RADIAN.) );
#3334 = ( NAMED_UNIT(*) SI_UNIT($,.STERADIAN.) SOLID_ANGLE_UNIT() );
#3335 = UNCERTAINTY_MEASURE_WITH_UNIT(LENGTH_MEASURE(1.E-07),#3332,
  'distance_accuracy_value','confusion accuracy');
#3336 = CONTEXT_DEPENDENT_SHAPE_REPRESENTATION(#3337,#3339);
#3337 = ( REPRESENTATION_RELATIONSHIP('','',#3326,#10) 
REPRESENTATION_RELATIONSHIP_WITH_TRANSFORMATION(#3338) 
SHAPE_REPRESENTATION_RELATIONSHIP() );
#3338 = ITEM_DEFINED_TRANSFORMATION('','',#11,#47);
#3339 = PRODUCT_DEFINITION_SHAPE('Placement','Placement of an item',
  #3340);
#3340 = NEXT_ASSEMBLY_USAGE_OCCURRENCE('521','=>[0:1:1:30]','',#5,#3321,
  $);
#3341 = PRODUCT_RELATED_PRODUCT_CATEGORY('part',$,(#3323));
#3342 = SHAPE_DEFINITION_REPRESENTATION(#3343,#3349);
#3343 = PRODUCT_DEFINITION_SHAPE('','',#3344);
#3344 = PRODUCT_DEFINITION('design','',#3345,#3348);
#3345 = PRODUCT_DEFINITION_FORMATION('','',#3346);
#3346 = PRODUCT('SOLID','SOLID','',(#3347));
#3347 = PRODUCT_CONTEXT('',#2,'mechanical');
#3348 = PRODUCT_DEFINITION_CONTEXT('part definition',#2,'design');
#3349 = ADVANCED_BREP_SHAPE_REPRESENTATION('',(#11,#3350),#3362);
#3350 = MANIFOLD_SOLID_BREP('',#3351);
#3351 = CLOSED_SHELL('',(#3352));
#3352 = ADVANCED_FACE('',(#3353),#3357,.T.);
#3353 = FACE_BOUND('',#3354,.T.);
#3354 = VERTEX_LOOP('',#3355);
#3355 = VERTEX_POINT('',#3356);
#3356 = CARTESIAN_POINT('',(36.,30.,-2.5));
#3357 = SPHERICAL_SURFACE('',#3358,2.5);
#3358 = AXIS2_PLACEMENT_3D('',#3359,#3360,#3361);
#3359 = CARTESIAN_POINT('',(36.,30.,0.));
#3360 = DIRECTION('',(0.,0.,1.));
#3361 = DIRECTION('',(1.,0.,0.));
#3362 = ( GEOMETRIC_REPRESENTATION_CONTEXT(3) 
GLOBAL_UNCERTAINTY_ASSIGNED_CONTEXT((#3366)) 
GLOBAL_UNIT_ASSIGNED_CONTEXT((#3363,#3364,#3365)) REPRESENTATION_CONTEXT
('Context #1','3D Context with UNIT and UNCERTAINTY') );
#3363 = ( LENGTH_UNIT() NAMED_UNIT(*) SI_UNIT(.MILLI.,.METRE.) );
#3364 = ( NAMED_UNIT(*) PLANE_ANGLE_UNIT() SI_UNIT($,.RADIAN.) );
#3365 = ( NAMED_UNIT(*) SI_UNIT($,.STERADIAN.) SOLID_ANGLE_UNIT() );
#3366 = UNCERTAINTY_MEASURE_WITH_UNIT(LENGTH_MEASURE(1.E-07),#3363,
  'distance_accuracy_value','confusion accuracy');
#3367 = CONTEXT_DEPENDENT_SHAPE_REPRESENTATION(#3368,#3370);
#3368 = ( REPRESENTATION_RELATIONSHIP('','',#3349,#3326) 
REPRESENTATION_RELATIONSHIP_WITH_TRANSFORMATION(#3369) 
SHAPE_REPRESENTATION_RELATIONSHIP() );
#3369 = ITEM_DEFINED_TRANSFORMATION('','',#11,#3327);
#3370 = PRODUCT_DEFINITION_SHAPE('Placement','Placement of an item',
  #3371);
#3371 = NEXT_ASSEMBLY_USAGE_OCCURRENCE('520','=>[0:1:1:31]','',#3321,
  #3344,$);
#3372 = PRODUCT_RELATED_PRODUCT_CATEGORY('part',$,(#3346));
#3373 = SHAPE_DEFINITION_REPRESENTATION(#3374,#3380);
#3374 = PRODUCT_DEFINITION_SHAPE('','',#3375);
#3375 = PRODUCT_DEFINITION('design','',#3376,#3379);
#3376 = PRODUCT_DEFINITION_FORMATION('','',#3377);
#3377 = PRODUCT('second_wrist','second_wrist','',(#3378));
#3378 = PRODUCT_CONTEXT('',#2,'mechanical');
#3379 = PRODUCT_DEFINITION_CONTEXT('part definition',#2,'design');
#3380 = SHAPE_REPRESENTATION('',(#11,#3381),#3385);
#3381 = AXIS2_PLACEMENT_3D('',#3382,#3383,#3384);
#3382 = CARTESIAN_POINT('',(0.,0.,0.));
#3383 = DIRECTION('',(0.,0.,1.));
#3384 = DIRECTION('',(1.,0.,0.));
#3385 = ( GEOMETRIC_REPRESENTATION_CONTEXT(3) 
GLOBAL_UNCERTAINTY_ASSIGNED_CONTEXT((#3389)) 
GLOBAL_UNIT_ASSIGNED_CONTEXT((#3386,#3387,#3388)) REPRESENTATION_CONTEXT
('Context #1','3D Context with UNIT and UNCERTAINTY') );
#3386 = ( LENGTH_UNIT() NAMED_UNIT(*) SI_UNIT(.MILLI.,.METRE.) );
#3387 = ( NAMED_UNIT(*) PLANE_ANGLE_UNIT() SI_UNIT($,.RADIAN.) );
#3388 = ( NAMED_UNIT(*) SI_UNIT($,.STERADIAN.) SOLID_ANGLE_UNIT() );
#3389 = UNCERTAINTY_MEASURE_WITH_UNIT(LENGTH_MEASURE(1.E-07),#3386,
  'distance_accuracy_value','confusion accuracy');
#3390 = CONTEXT_DEPENDENT_SHAPE_REPRESENTATION(#3391,#3393);
#3391 = ( REPRESENTATION_RELATIONSHIP('','',#3380,#10) 
REPRESENTATION_RELATIONSHIP_WITH_TRANSFORMATION(#3392) 
SHAPE_REPRESENTATION_RELATIONSHIP() );
#3392 = ITEM_DEFINED_TRANSFORMATION('','',#11,#51);
#3393 = PRODUCT_DEFINITION_SHAPE('Placement','Placement of an item',
  #3394);
#3394 = NEXT_ASSEMBLY_USAGE_OCCURRENCE('523','=>[0:1:1:32]','',#5,#3375,
  $);
#3395 = PRODUCT_RELATED_PRODUCT_CATEGORY('part',$,(#3377));
#3396 = SHAPE_DEFINITION_REPRESENTATION(#3397,#3403);
#3397 = PRODUCT_DEFINITION_SHAPE('','',#3398);
#3398 = PRODUCT_DEFINITION('design','',#3399,#3402);
#3399 = PRODUCT_DEFINITION_FORMATION('','',#3400);
#3400 = PRODUCT('SOLID','SOLID','',(#3401));
#3401 = PRODUCT_CONTEXT('',#2,'mechanical');
#3402 = PRODUCT_DEFINITION_CONTEXT('part definition',#2,'design');
#3403 = ADVANCED_BREP_SHAPE_REPRESENTATION('',(#11,#3404),#3416);
#3404 = MANIFOLD_SOLID_BREP('',#3405);
#3405 = CLOSED_SHELL('',(#3406));
#3406 = ADVANCED_FACE('',(#3407),#3411,.T.);
#3407 = FACE_BOUND('',#3408,.T.);
#3408 = VERTEX_LOOP('',#3409);
#3409 = VERTEX_POINT('',#3410);
#3410 = CARTESIAN_POINT('',(44.,30.,-2.5));
#3411 = SPHERICAL_SURFACE('',#3412,2.5);
#3412 = AXIS2_PLACEMENT_3D('',#3413,#3414,#3415);
#3413 = CARTESIAN_POINT('',(44.,30.,0.));
#3414 = DIRECTION('',(0.,0.,1.));
#3415 = DIRECTION('',(1.,0.,0.));
#3416 = ( GEOMETRIC_REPRESENTATION_CONTEXT(3) 
GLOBAL_UNCERTAINTY_ASSIGNED_CONTEXT((#3420)) 
GLOBAL_UNIT_ASSIGNED_CONTEXT((#3417,#3418,#3419)) REPRESENTATION_CONTEXT
('Context #1','3D Context with UNIT and UNCERTAINTY') );
#3417 = ( LENGTH_UNIT() NAMED_UNIT(*) SI_UNIT(.MILLI.,.METRE.) );
#3418 = ( NAMED_UNIT(*) PLANE_ANGLE_UNIT() SI_UNIT($,.RADIAN.) );
#3419 = ( NAMED_UNIT(*) SI_UNIT($,.STERADIAN.) SOLID_ANGLE_UNIT() );
#3420 = UNCERTAINTY_MEASURE_WITH_UNIT(LENGTH_MEASURE(1.E-07),#3417,
  'distance_accuracy_value','confusion accuracy');
#3421 = CONTEXT_DEPENDENT_SHAPE_REPRESENTATION(#3422,#3424);
#3422 = ( REPRESENTATION_RELATIONSHIP('','',#3403,#3380) 
REPRESENTATION_RELATIONSHIP_WITH_TRANSFORMATION(#3423) 
SHAPE_REPRESENTATION_RELATIONSHIP() );
#3423 = ITEM_DEFINED_TRANSFORMATION('','',#11,#3381);
#3424 = PRODUCT_DEFINITION_SHAPE('Placement','Placement of an item',
  #3425);
#3425 = NEXT_ASSEMBLY_USAGE_OCCURRENCE('522','=>[0:1:1:33]','',#3375,
  #3398,$);
#3426 = PRODUCT_RELATED_PRODUCT_CATEGORY('part',$,(#3400));
#3427 = SHAPE_DEFINITION_REPRESENTATION(#3428,#3434);
#3428 = PRODUCT_DEFINITION_SHAPE('','',#3429);
#3429 = PRODUCT_DEFINITION('design','',#3430,#3433);
#3430 = PRODUCT_DEFINITION_FORMATION('','',#3431);
#3431 = PRODUCT('third_wrist','third_wrist','',(#3432));
#3432 = PRODUCT_CONTEXT('',#2,'mechanical');
#3433 = PRODUCT_DEFINITION_CONTEXT('part definition',#2,'design');
#3434 = SHAPE_REPRESENTATION('',(#11,#3435),#3439);
#3435 = AXIS2_PLACEMENT_3D('',#3436,#3437,#3438);
#3436 = CARTESIAN_POINT('',(0.,0.,0.));
#3437 = DIRECTION('',(0.,0.,1.));
#3438 = DIRECTION('',(1.,0.,0.));
#3439 = ( GEOMETRIC_REPRESENTATION_CONTEXT(3) 
GLOBAL_UNCERTAINTY_ASSIGNED_CONTEXT((#3443)) 
GLOBAL_UNIT_ASSIGNED_CONTEXT((#3440,#3441,#3442)) REPRESENTATION_CONTEXT
('Context #1','3D Context with UNIT and UNCERTAINTY') );
#3440 = ( LENGTH_UNIT() NAMED_UNIT(*) SI_UNIT(.MILLI.,.METRE.) );
#3441 = ( NAMED_UNIT(*) PLANE_ANGLE_UNIT() SI_UNIT($,.RADIAN.) );
#3442 = ( NAMED_UNIT(*) SI_UNIT($,.STERADIAN.) SOLID_ANGLE_UNIT() );
#3443 = UNCERTAINTY_MEASURE_WITH_UNIT(LENGTH_MEASURE(1.E-07),#3440,
  'distance_accuracy_value','confusion accuracy');
#3444 = CONTEXT_DEPENDENT_SHAPE_REPRESENTATION(#3445,#3447);
#3445 = ( REPRESENTATION_RELATIONSHIP('','',#3434,#10) 
REPRESENTATION_RELATIONSHIP_WITH_TRANSFORMATION(#3446) 
SHAPE_REPRESENTATION_RELATIONSHIP() );
#3446 = ITEM_DEFINED_TRANSFORMATION('','',#11,#55);
#3447 = PRODUCT_DEFINITION_SHAPE('Placement','Placement of an item',
  #3448);
#3448 = NEXT_ASSEMBLY_USAGE_OCCURRENCE('525','=>[0:1:1:34]','',#5,#3429,
  $);
#3449 = PRODUCT_RELATED_PRODUCT_CATEGORY('part',$,(#3431));
#3450 = SHAPE_DEFINITION_REPRESENTATION(#3451,#3457);
#3451 = PRODUCT_DEFINITION_SHAPE('','',#3452);
#3452 = PRODUCT_DEFINITION('design','',#3453,#3456);
#3453 = PRODUCT_DEFINITION_FORMATION('','',#3454);
#3454 = PRODUCT('SOLID','SOLID','',(#3455));
#3455 = PRODUCT_CONTEXT('',#2,'mechanical');
#3456 = PRODUCT_DEFINITION_CONTEXT('part definition',#2,'design');
#3457 = ADVANCED_BREP_SHAPE_REPRESENTATION('',(#11,#3458),#3470);
#3458 = MANIFOLD_SOLID_BREP('',#3459);
#3459 = CLOSED_SHELL('',(#3460));
#3460 = ADVANCED_FACE('',(#3461),#3465,.T.);
#3461 = FACE_BOUND('',#3462,.T.);
#3462 = VERTEX_LOOP('',#3463);
#3463 = VERTEX_POINT('',#3464);
#3464 = CARTESIAN_POINT('',(52.,30.,-2.5));
#3465 = SPHERICAL_SURFACE('',#3466,2.5);
#3466 = AXIS2_PLACEMENT_3D('',#3467,#3468,#3469);
#3467 = CARTESIAN_POINT('',(52.,30.,0.));
#3468 = DIRECTION('',(0.,0.,1.));
#3469 = DIRECTION('',(1.,0.,0.));
#3470 = ( GEOMETRIC_REPRESENTATION_CONTEXT(3) 
GLOBAL_UNCERTAINTY_ASSIGNED_CONTEXT((#3474)) 
GLOBAL_UNIT_ASSIGNED_CONTEXT((#3471,#3472,#3473)) REPRESENTATION_CONTEXT
('Context #1','3D Context with UNIT and UNCERTAINTY') );
#3471 = ( LENGTH_UNIT() NAMED_UNIT(*) SI_UNIT(.MILLI.,.METRE.) );
#3472 = ( NAMED_UNIT(*) PLANE_ANGLE_UNIT() SI_UNIT($,.RADIAN.) );
#3473 = ( NAMED_UNIT(*) SI_UNIT($,.STERADIAN.) SOLID_ANGLE_UNIT() );
#3474 = UNCERTAINTY_MEASURE_WITH_UNIT(LENGTH_MEASURE(1.E-07),#3471,
  'distance_accuracy_value','confusion accuracy');
#3475 = CONTEXT_DEPENDENT_SHAPE_REPRESENTATION(#3476,#3478);
#3476 = ( REPRESENTATION_RELATIONSHIP('','',#3457,#3434) 
REPRESENTATION_RELATIONSHIP_WITH_TRANSFORMATION(#3477) 
SHAPE_REPRESENTATION_RELATIONSHIP() );
#3477 = ITEM_DEFINED_TRANSFORMATION('','',#11,#3435);
#3478 = PRODUCT_DEFINITION_SHAPE('Placement','Placement of an item',
  #3479);
#3479 = NEXT_ASSEMBLY_USAGE_OCCURRENCE('524','=>[0:1:1:35]','',#3429,
  #3452,$);
#3480 = PRODUCT_RELATED_PRODUCT_CATEGORY('part',$,(#3454));
#3481 = SHAPE_DEFINITION_REPRESENTATION(#3482,#3488);
#3482 = PRODUCT_DEFINITION_SHAPE('','',#3483);
#3483 = PRODUCT_DEFINITION('design','',#3484,#3487);
#3484 = PRODUCT_DEFINITION_FORMATION('','',#3485);
#3485 = PRODUCT('first_common_point','first_common_point','',(#3486));
#3486 = PRODUCT_CONTEXT('',#2,'mechanical');
#3487 = PRODUCT_DEFINITION_CONTEXT('part definition',#2,'design');
#3488 = SHAPE_REPRESENTATION('',(#11,#3489),#3493);
#3489 = AXIS2_PLACEMENT_3D('',#3490,#3491,#3492);
#3490 = CARTESIAN_POINT('',(0.,0.,0.));
#3491 = DIRECTION('',(0.,0.,1.));
#3492 = DIRECTION('',(1.,0.,0.));
#3493 = ( GEOMETRIC_REPRESENTATION_CONTEXT(3) 
GLOBAL_UNCERTAINTY_ASSIGNED_CONTEXT((#3497)) 
GLOBAL_UNIT_ASSIGNED_CONTEXT((#3494,#3495,#3496)) REPRESENTATION_CONTEXT
('Context #1','3D Context with UNIT and UNCERTAINTY') );
#3494 = ( LENGTH_UNIT() NAMED_UNIT(*) SI_UNIT(.MILLI.,.METRE.) );
#3495 = ( NAMED_UNIT(*) PLANE_ANGLE_UNIT() SI_UNIT($,.RADIAN.) );
#3496 = ( NAMED_UNIT(*) SI_UNIT($,.STERADIAN.) SOLID_ANGLE_UNIT() );
#3497 = UNCERTAINTY_MEASURE_WITH_UNIT(LENGTH_MEASURE(1.E-07),#3494,
  'distance_accuracy_value','confusion accuracy');
#3498 = CONTEXT_DEPENDENT_SHAPE_REPRESENTATION(#3499,#3501);
#3499 = ( REPRESENTATION_RELATIONSHIP('','',#3488,#10) 
REPRESENTATION_RELATIONSHIP_WITH_TRANSFORMATION(#3500) 
SHAPE_REPRESENTATION_RELATIONSHIP() );
#3500 = ITEM_DEFINED_TRANSFORMATION('','',#11,#59);
#3501 = PRODUCT_DEFINITION_SHAPE('Placement','Placement of an item',
  #3502);
#3502 = NEXT_ASSEMBLY_USAGE_OCCURRENCE('527','=>[0:1:1:36]','',#5,#3483,
  $);
#3503 = PRODUCT_RELATED_PRODUCT_CATEGORY('part',$,(#3485));
#3504 = SHAPE_DEFINITION_REPRESENTATION(#3505,#3511);
#3505 = PRODUCT_DEFINITION_SHAPE('','',#3506);
#3506 = PRODUCT_DEFINITION('design','',#3507,#3510);
#3507 = PRODUCT_DEFINITION_FORMATION('','',#3508);
#3508 = PRODUCT('SOLID','SOLID','',(#3509));
#3509 = PRODUCT_CONTEXT('',#2,'mechanical');
#3510 = PRODUCT_DEFINITION_CONTEXT('part definition',#2,'design');
#3511 = ADVANCED_BREP_SHAPE_REPRESENTATION('',(#11,#3512),#3524);
#3512 = MANIFOLD_SOLID_BREP('',#3513);
#3513 = CLOSED_SHELL('',(#3514));
#3514 = ADVANCED_FACE('',(#3515),#3519,.T.);
#3515 = FACE_BOUND('',#3516,.T.);
#3516 = VERTEX_LOOP('',#3517);
#3517 = VERTEX_POINT('',#3518);
#3518 = CARTESIAN_POINT('',(60.,30.,-2.5));
#3519 = SPHERICAL_SURFACE('',#3520,2.5);
#3520 = AXIS2_PLACEMENT_3D('',#3521,#3522,#3523);
#3521 = CARTESIAN_POINT('',(60.,30.,0.));
#3522 = DIRECTION('',(0.,0.,1.));
#3523 = DIRECTION('',(1.,0.,0.));
#3524 = ( GEOMETRIC_REPRESENTATION_CONTEXT(3) 
GLOBAL_UNCERTAINTY_ASSIGNED_CONTEXT((#3528)) 
GLOBAL_UNIT_ASSIGNED_CONTEXT((#3525,#3526,#3527)) REPRESENTATION_CONTEXT
('Context #1','3D Context with UNIT and UNCERTAINTY') );
#3525 = ( LENGTH_UNIT() NAMED_UNIT(*) SI_UNIT(.MILLI.,.METRE.) );
#3526 = ( NAMED_UNIT(*) PLANE_ANGLE_UNIT() SI_UNIT($,.RADIAN.) );
#3527 = ( NAMED_UNIT(*) SI_UNIT($,.STERADIAN.) SOLID_ANGLE_UNIT() );
#3528 = UNCERTAINTY_MEASURE_WITH_UNIT(LENGTH_MEASURE(1.E-07),#3525,
  'distance_accuracy_value','confusion accuracy');
#3529 = CONTEXT_DEPENDENT_SHAPE_REPRESENTATION(#3530,#3532);
#3530 = ( REPRESENTATION_RELATIONSHIP('','',#3511,#3488) 
REPRESENTATION_RELATIONSHIP_WITH_TRANSFORMATION(#3531) 
SHAPE_REPRESENTATION_RELATIONSHIP() );
#3531 = ITEM_DEFINED_TRANSFORMATION('','',#11,#3489);
#3532 = PRODUCT_DEFINITION_SHAPE('Placement','Placement of an item',
  #3533);
#3533 = NEXT_ASSEMBLY_USAGE_OCCURRENCE('526','=>[0:1:1:37]','',#3483,
  #3506,$);
#3534 = PRODUCT_RELATED_PRODUCT_CATEGORY('part',$,(#3508));
#3535 = SHAPE_DEFINITION_REPRESENTATION(#3536,#3542);
#3536 = PRODUCT_DEFINITION_SHAPE('','',#3537);
#3537 = PRODUCT_DEFINITION('design','',#3538,#3541);
#3538 = PRODUCT_DEFINITION_FORMATION('','',#3539);
#3539 = PRODUCT('second_common_point','second_common_point','',(#3540));
#3540 = PRODUCT_CONTEXT('',#2,'mechanical');
#3541 = PRODUCT_DEFINITION_CONTEXT('part definition',#2,'design');
#3542 = SHAPE_REPRESENTATION('',(#11,#3543),#3547);
#3543 = AXIS2_PLACEMENT_3D('',#3544,#3545,#3546);
#3544 = CARTESIAN_POINT('',(0.,0.,0.));
#3545 = DIRECTION('',(0.,0.,1.));
#3546 = DIRECTION('',(1.,0.,0.));
#3547 = ( GEOMETRIC_REPRESENTATION_CONTEXT(3) 
GLOBAL_UNCERTAINTY_ASSIGNED_CONTEXT((#3551)) 
GLOBAL_UNIT_ASSIGNED_CONTEXT((#3548,#3549,#3550)) REPRESENTATION_CONTEXT
('Context #1','3D Context with UNIT and UNCERTAINTY') );
#3548 = ( LENGTH_UNIT() NAMED_UNIT(*) SI_UNIT(.MILLI.,.METRE.) );
#3549 = ( NAMED_UNIT(*) PLANE_ANGLE_UNIT() SI_UNIT($,.RADIAN.) );
#3550 = ( NAMED_UNIT(*) SI_UNIT($,.STERADIAN.) SOLID_ANGLE_UNIT() );
#3551 = UNCERTAINTY_MEASURE_WITH_UNIT(LENGTH_MEASURE(1.E-07),#3548,
  'distance_accuracy_value','confusion accuracy');
#3552 = CONTEXT_DEPENDENT_SHAPE_REPRESENTATION(#3553,#3555);
#3553 = ( REPRESENTATION_RELATIONSHIP('','',#3542,#10) 
REPRESENTATION_RELATIONSHIP_WITH_TRANSFORMATION(#3554) 
SHAPE_REPRESENTATION_RELATIONSHIP() );
#3554 = ITEM_DEFINED_TRANSFORMATION('','',#11,#63);
#3555 = PRODUCT_DEFINITION_SHAPE('Placement','Placement of an item',
  #3556);
#3556 = NEXT_ASSEMBLY_USAGE_OCCURRENCE('529','=>[0:1:1:38]','',#5,#3537,
  $);
#3557 = PRODUCT_RELATED_PRODUCT_CATEGORY('part',$,(#3539));
#3558 = SHAPE_DEFINITION_REPRESENTATION(#3559,#3565);
#3559 = PRODUCT_DEFINITION_SHAPE('','',#3560);
#3560 = PRODUCT_DEFINITION('design','',#3561,#3564);
#3561 = PRODUCT_DEFINITION_FORMATION('','',#3562);
#3562 = PRODUCT('SOLID','SOLID','',(#3563));
#3563 = PRODUCT_CONTEXT('',#2,'mechanical');
#3564 = PRODUCT_DEFINITION_CONTEXT('part definition',#2,'design');
#3565 = ADVANCED_BREP_SHAPE_REPRESENTATION('',(#11,#3566),#3578);
#3566 = MANIFOLD_SOLID_BREP('',#3567);
#3567 = CLOSED_SHELL('',(#3568));
#3568 = ADVANCED_FACE('',(#3569),#3573,.T.);
#3569 = FACE_BOUND('',#3570,.T.);
#3570 = VERTEX_LOOP('',#3571);
#3571 = VERTEX_POINT('',#3572);
#3572 = CARTESIAN_POINT('',(68.,30.,-2.5));
#3573 = SPHERICAL_SURFACE('',#3574,2.5);
#3574 = AXIS2_PLACEMENT_3D('',#3575,#3576,#3577);
#3575 = CARTESIAN_POINT('',(68.,30.,0.));
#3576 = DIRECTION('',(0.,0.,1.));
#3577 = DIRECTION('',(1.,0.,0.));
#3578 = ( GEOMETRIC_REPRESENTATION_CONTEXT(3) 
GLOBAL_UNCERTAINTY_ASSIGNED_CONTEXT((#3582)) 
GLOBAL_UNIT_ASSIGNED_CONTEXT((#3579,#3580,#3581)) REPRESENTATION_CONTEXT
('Context #1','3D Context with UNIT and UNCERTAINTY') );
#3579 = ( LENGTH_UNIT() NAMED_UNIT(*) SI_UNIT(.MILLI.,.METRE.) );
#3580 = ( NAMED_UNIT(*) PLANE_ANGLE_UNIT() SI_UNIT($,.RADIAN.) );
#3581 = ( NAMED_UNIT(*) SI_UNIT($,.STERADIAN.) SOLID_ANGLE_UNIT() );
#3582 = UNCERTAINTY_MEASURE_WITH_UNIT(LENGTH_MEASURE(1.E-07),#3579,
  'distance_accuracy_value','confusion accuracy');
#3583 = CONTEXT_DEPENDENT_SHAPE_REPRESENTATION(#3584,#3586);
#3584 = ( REPRESENTATION_RELATIONSHIP('','',#3565,#3542) 
REPRESENTATION_RELATIONSHIP_WITH_TRANSFORMATION(#3585) 
SHAPE_REPRESENTATION_RELATIONSHIP() );
#3585 = ITEM_DEFINED_TRANSFORMATION('','',#11,#3543);
#3586 = PRODUCT_DEFINITION_SHAPE('Placement','Placement of an item',
  #3587);
#3587 = NEXT_ASSEMBLY_USAGE_OCCURRENCE('528','=>[0:1:1:39]','',#3537,
  #3560,$);
#3588 = PRODUCT_RELATED_PRODUCT_CATEGORY('part',$,(#3562));
#3589 = SHAPE_DEFINITION_REPRESENTATION(#3590,#3596);
#3590 = PRODUCT_DEFINITION_SHAPE('','',#3591);
#3591 = PRODUCT_DEFINITION('design','',#3592,#3595);
#3592 = PRODUCT_DEFINITION_FORMATION('','',#3593);
#3593 = PRODUCT('first_driving_motor','first_driving_motor','',(#3594));
#3594 = PRODUCT_CONTEXT('',#2,'mechanical');
#3595 = PRODUCT_DEFINITION_CONTEXT('part definition',#2,'design');
#3596 = SHAPE_REPRESENTATION('',(#11,#3597),#3601);
#3597 = AXIS2_PLACEMENT_3D('',#3598,#3599,#3600);
#3598 = CARTESIAN_POINT('',(0.,0.,0.));
#3599 = DIRECTION('',(0.,0.,1.));
#3600 = DIRECTION('',(1.,0.,0.));
#3601 = ( GEOMETRIC_REPRESENTATION_CONTEXT(3) 
GLOBAL_UNCERTAINTY_ASSIGNED_CONTEXT((#3605)) 
GLOBAL_UNIT_ASSIGNED_CONTEXT((#3602,#3603,#3604)) REPRESENTATION_CONTEXT
('Context #1','3D Context with UNIT and UNCERTAINTY') );
#3602 = ( LENGTH_UNIT() NAMED_UNIT(*) SI_UNIT(.MILLI.,.METRE.) );
#3603 = ( NAMED_UNIT(*) PLANE_ANGLE_UNIT() SI_UNIT($,.RADIAN.) );
#3604 = ( NAMED_UNIT(*) SI_UNIT($,.STERADIAN.) SOLID_ANGLE_UNIT() );
#3605 = UNCERTAINTY_MEASURE_WITH_UNIT(LENGTH_MEASURE(1.E-07),#3602,
  'distance_accuracy_value','confusion accuracy');
#3606 = CONTEXT_DEPENDENT_SHAPE_REPRESENTATION(#3607,#3609);
#3607 = ( REPRESENTATION_RELATIONSHIP('','',#3596,#10) 
REPRESENTATION_RELATIONSHIP_WITH_TRANSFORMATION(#3608) 
SHAPE_REPRESENTATION_RELATIONSHIP() );
#3608 = ITEM_DEFINED_TRANSFORMATION('','',#11,#67);
#3609 = PRODUCT_DEFINITION_SHAPE('Placement','Placement of an item',
  #3610);
#3610 = NEXT_ASSEMBLY_USAGE_OCCURRENCE('531','=>[0:1:1:40]','',#5,#3591,
  $);
#3611 = PRODUCT_RELATED_PRODUCT_CATEGORY('part',$,(#3593));
#3612 = SHAPE_DEFINITION_REPRESENTATION(#3613,#3619);
#3613 = PRODUCT_DEFINITION_SHAPE('','',#3614);
#3614 = PRODUCT_DEFINITION('design','',#3615,#3618);
#3615 = PRODUCT_DEFINITION_FORMATION('','',#3616);
#3616 = PRODUCT('SOLID','SOLID','',(#3617));
#3617 = PRODUCT_CONTEXT('',#2,'mechanical');
#3618 = PRODUCT_DEFINITION_CONTEXT('part definition',#2,'design');
#3619 = ADVANCED_BREP_SHAPE_REPRESENTATION('',(#11,#3620),#3632);
#3620 = MANIFOLD_SOLID_BREP('',#3621);
#3621 = CLOSED_SHELL('',(#3622));
#3622 = ADVANCED_FACE('',(#3623),#3627,.T.);
#3623 = FACE_BOUND('',#3624,.T.);
#3624 = VERTEX_LOOP('',#3625);
#3625 = VERTEX_POINT('',#3626);
#3626 = CARTESIAN_POINT('',(76.,30.,-2.5));
#3627 = SPHERICAL_SURFACE('',#3628,2.5);
#3628 = AXIS2_PLACEMENT_3D('',#3629,#3630,#3631);
#3629 = CARTESIAN_POINT('',(76.,30.,0.));
#3630 = DIRECTION('',(0.,0.,1.));
#3631 = DIRECTION('',(1.,0.,0.));
#3632 = ( GEOMETRIC_REPRESENTATION_CONTEXT(3) 
GLOBAL_UNCERTAINTY_ASSIGNED_CONTEXT((#3636)) 
GLOBAL_UNIT_ASSIGNED_CONTEXT((#3633,#3634,#3635)) REPRESENTATION_CONTEXT
('Context #1','3D Context with UNIT and UNCERTAINTY') );
#3633 = ( LENGTH_UNIT() NAMED_UNIT(*) SI_UNIT(.MILLI.,.METRE.) );
#3634 = ( NAMED_UNIT(*) PLANE_ANGLE_UNIT() SI_UNIT($,.RADIAN.) );
#3635 = ( NAMED_UNIT(*) SI_UNIT($,.STERADIAN.) SOLID_ANGLE_UNIT() );
#3636 = UNCERTAINTY_MEASURE_WITH_UNIT(LENGTH_MEASURE(1.E-07),#3633,
  'distance_accuracy_value','confusion accuracy');
#3637 = CONTEXT_DEPENDENT_SHAPE_REPRESENTATION(#3638,#3640);
#3638 = ( REPRESENTATION_RELATIONSHIP('','',#3619,#3596) 
REPRESENTATION_RELATIONSHIP_WITH_TRANSFORMATION(#3639) 
SHAPE_REPRESENTATION_RELATIONSHIP() );
#3639 = ITEM_DEFINED_TRANSFORMATION('','',#11,#3597);
#3640 = PRODUCT_DEFINITION_SHAPE('Placement','Placement of an item',
  #3641);
#3641 = NEXT_ASSEMBLY_USAGE_OCCURRENCE('530','=>[0:1:1:41]','',#3591,
  #3614,$);
#3642 = PRODUCT_RELATED_PRODUCT_CATEGORY('part',$,(#3616));
#3643 = SHAPE_DEFINITION_REPRESENTATION(#3644,#3650);
#3644 = PRODUCT_DEFINITION_SHAPE('','',#3645);
#3645 = PRODUCT_DEFINITION('design','',#3646,#3649);
#3646 = PRODUCT_DEFINITION_FORMATION('','',#3647);
#3647 = PRODUCT('first_reduction_gear','first_reduction_gear','',(#3648)
  );
#3648 = PRODUCT_CONTEXT('',#2,'mechanical');
#3649 = PRODUCT_DEFINITION_CONTEXT('part definition',#2,'design');
#3650 = SHAPE_REPRESENTATION('',(#11,#3651),#3655);
#3651 = AXIS2_PLACEMENT_3D('',#3652,#3653,#3654);
#3652 = CARTESIAN_POINT('',(0.,0.,0.));
#3653 = DIRECTION('',(0.,0.,1.));
#3654 = DIRECTION('',(1.,0.,0.));
#3655 = ( GEOMETRIC_REPRESENTATION_CONTEXT(3) 
GLOBAL_UNCERTAINTY_ASSIGNED_CONTEXT((#3659)) 
GLOBAL_UNIT_ASSIGNED_CONTEXT((#3656,#3657,#3658)) REPRESENTATION_CONTEXT
('Context #1','3D Context with UNIT and UNCERTAINTY') );
#3656 = ( LENGTH_UNIT() NAMED_UNIT(*) SI_UNIT(.MILLI.,.METRE.) );
#3657 = ( NAMED_UNIT(*) PLANE_ANGLE_UNIT() SI_UNIT($,.RADIAN.) );
#3658 = ( NAMED_UNIT(*) SI_UNIT($,.STERADIAN.) SOLID_ANGLE_UNIT() );
#3659 = UNCERTAINTY_MEASURE_WITH_UNIT(LENGTH_MEASURE(1.E-07),#3656,
  'distance_accuracy_value','confusion accuracy');
#3660 = CONTEXT_DEPENDENT_SHAPE_REPRESENTATION(#3661,#3663);
#3661 = ( REPRESENTATION_RELATIONSHIP('','',#3650,#10) 
REPRESENTATION_RELATIONSHIP_WITH_TRANSFORMATION(#3662) 
SHAPE_REPRESENTATION_RELATIONSHIP() );
#3662 = ITEM_DEFINED_TRANSFORMATION('','',#11,#71);
#3663 = PRODUCT_DEFINITION_SHAPE('Placement','Placement of an item',
  #3664);
#3664 = NEXT_ASSEMBLY_USAGE_OCCURRENCE('533','=>[0:1:1:42]','',#5,#3645,
  $);
#3665 = PRODUCT_RELATED_PRODUCT_CATEGORY('part',$,(#3647));
#3666 = SHAPE_DEFINITION_REPRESENTATION(#3667,#3673);
#3667 = PRODUCT_DEFINITION_SHAPE('','',#3668);
#3668 = PRODUCT_DEFINITION('design','',#3669,#3672);
#3669 = PRODUCT_DEFINITION_FORMATION('','',#3670);
#3670 = PRODUCT('SOLID','SOLID','',(#3671));
#3671 = PRODUCT_CONTEXT('',#2,'mechanical');
#3672 = PRODUCT_DEFINITION_CONTEXT('part definition',#2,'design');
#3673 = ADVANCED_BREP_SHAPE_REPRESENTATION('',(#11,#3674),#3686);
#3674 = MANIFOLD_SOLID_BREP('',#3675);
#3675 = CLOSED_SHELL('',(#3676));
#3676 = ADVANCED_FACE('',(#3677),#3681,.T.);
#3677 = FACE_BOUND('',#3678,.T.);
#3678 = VERTEX_LOOP('',#3679);
#3679 = VERTEX_POINT('',#3680);
#3680 = CARTESIAN_POINT('',(84.,30.,-2.5));
#3681 = SPHERICAL_SURFACE('',#3682,2.5);
#3682 = AXIS2_PLACEMENT_3D('',#3683,#3684,#3685);
#3683 = CARTESIAN_POINT('',(84.,30.,0.));
#3684 = DIRECTION('',(0.,0.,1.));
#3685 = DIRECTION('',(1.,0.,0.));
#3686 = ( GEOMETRIC_REPRESENTATION_CONTEXT(3) 
GLOBAL_UNCERTAINTY_ASSIGNED_CONTEXT((#3690)) 
GLOBAL_UNIT_ASSIGNED_CONTEXT((#3687,#3688,#3689)) REPRESENTATION_CONTEXT
('Context #1','3D Context with UNIT and UNCERTAINTY') );
#3687 = ( LENGTH_UNIT() NAMED_UNIT(*) SI_UNIT(.MILLI.,.METRE.) );
#3688 = ( NAMED_UNIT(*) PLANE_ANGLE_UNIT() SI_UNIT($,.RADIAN.) );
#3689 = ( NAMED_UNIT(*) SI_UNIT($,.STERADIAN.) SOLID_ANGLE_UNIT() );
#3690 = UNCERTAINTY_MEASURE_WITH_UNIT(LENGTH_MEASURE(1.E-07),#3687,
  'distance_accuracy_value','confusion accuracy');
#3691 = CONTEXT_DEPENDENT_SHAPE_REPRESENTATION(#3692,#3694);
#3692 = ( REPRESENTATION_RELATIONSHIP('','',#3673,#3650) 
REPRESENTATION_RELATIONSHIP_WITH_TRANSFORMATION(#3693) 
SHAPE_REPRESENTATION_RELATIONSHIP() );
#3693 = ITEM_DEFINED_TRANSFORMATION('','',#11,#3651);
#3694 = PRODUCT_DEFINITION_SHAPE('Placement','Placement of an item',
  #3695);
#3695 = NEXT_ASSEMBLY_USAGE_OCCURRENCE('532','=>[0:1:1:43]','',#3645,
  #3668,$);
#3696 = PRODUCT_RELATED_PRODUCT_CATEGORY('part',$,(#3670));
#3697 = SHAPE_DEFINITION_REPRESENTATION(#3698,#3704);
#3698 = PRODUCT_DEFINITION_SHAPE('','',#3699);
#3699 = PRODUCT_DEFINITION('design','',#3700,#3703);
#3700 = PRODUCT_DEFINITION_FORMATION('','',#3701);
#3701 = PRODUCT('second_driving_motor','second_driving_motor','',(#3702)
  );
#3702 = PRODUCT_CONTEXT('',#2,'mechanical');
#3703 = PRODUCT_DEFINITION_CONTEXT('part definition',#2,'design');
#3704 = SHAPE_REPRESENTATION('',(#11,#3705),#3709);
#3705 = AXIS2_PLACEMENT_3D('',#3706,#3707,#3708);
#3706 = CARTESIAN_POINT('',(0.,0.,0.));
#3707 = DIRECTION('',(0.,0.,1.));
#3708 = DIRECTION('',(1.,0.,0.));
#3709 = ( GEOMETRIC_REPRESENTATION_CONTEXT(3) 
GLOBAL_UNCERTAINTY_ASSIGNED_CONTEXT((#3713)) 
GLOBAL_UNIT_ASSIGNED_CONTEXT((#3710,#3711,#3712)) REPRESENTATION_CONTEXT
('Context #1','3D Context with UNIT and UNCERTAINTY') );
#3710 = ( LENGTH_UNIT() NAMED_UNIT(*) SI_UNIT(.MILLI.,.METRE.) );
#3711 = ( NAMED_UNIT(*) PLANE_ANGLE_UNIT() SI_UNIT($,.RADIAN.) );
#3712 = ( NAMED_UNIT(*) SI_UNIT($,.STERADIAN.) SOLID_ANGLE_UNIT() );
#3713 = UNCERTAINTY_MEASURE_WITH_UNIT(LENGTH_MEASURE(1.E-07),#3710,
  'distance_accuracy_value','confusion accuracy');
#3714 = CONTEXT_DEPENDENT_SHAPE_REPRESENTATION(#3715,#3717);
#3715 = ( REPRESENTATION_RELATIONSHIP('','',#3704,#10) 
REPRESENTATION_RELATIONSHIP_WITH_TRANSFORMATION(#3716) 
SHAPE_REPRESENTATION_RELATIONSHIP() );
#3716 = ITEM_DEFINED_TRANSFORMATION('','',#11,#75);
#3717 = PRODUCT_DEFINITION_SHAPE('Placement','Placement of an item',
  #3718);
#3718 = NEXT_ASSEMBLY_USAGE_OCCURRENCE('535','=>[0:1:1:44]','',#5,#3699,
  $);
#3719 = PRODUCT_RELATED_PRODUCT_CATEGORY('part',$,(#3701));
#3720 = SHAPE_DEFINITION_REPRESENTATION(#3721,#3727);
#3721 = PRODUCT_DEFINITION_SHAPE('','',#3722);
#3722 = PRODUCT_DEFINITION('design','',#3723,#3726);
#3723 = PRODUCT_DEFINITION_FORMATION('','',#3724);
#3724 = PRODUCT('SOLID','SOLID','',(#3725));
#3725 = PRODUCT_CONTEXT('',#2,'mechanical');
#3726 = PRODUCT_DEFINITION_CONTEXT('part definition',#2,'design');
#3727 = ADVANCED_BREP_SHAPE_REPRESENTATION('',(#11,#3728),#3740);
#3728 = MANIFOLD_SOLID_BREP('',#3729);
#3729 = CLOSED_SHELL('',(#3730));
#3730 = ADVANCED_FACE('',(#3731),#3735,.T.);
#3731 = FACE_BOUND('',#3732,.T.);
#3732 = VERTEX_LOOP('',#3733);
#3733 = VERTEX_POINT('',#3734);
#3734 = CARTESIAN_POINT('',(92.,30.,-2.5));
#3735 = SPHERICAL_SURFACE('',#3736,2.5);
#3736 = AXIS2_PLACEMENT_3D('',#3737,#3738,#3739);
#3737 = CARTESIAN_POINT('',(92.,30.,0.));
#3738 = DIRECTION('',(0.,0.,1.));
#3739 = DIRECTION('',(1.,0.,0.));
#3740 = ( GEOMETRIC_REPRESENTATION_CONTEXT(3) 
GLOBAL_UNCERTAINTY_ASSIGNED_CONTEXT((#3744)) 
GLOBAL_UNIT_ASSIGNED_CONTEXT((#3741,#3742,#3743)) REPRESENTATION_CONTEXT
('Context #1','3D Context with UNIT and UNCERTAINTY') );
#3741 = ( LENGTH_UNIT() NAMED_UNIT(*) SI_UNIT(.MILLI.,.METRE.) );
#3742 = ( NAMED_UNIT(*) PLANE_ANGLE_UNIT() SI_UNIT($,.RADIAN.) );
#3743 = ( NAMED_UNIT(*) SI_UNIT($,.STERADIAN.) SOLID_ANGLE_UNIT() );
#3744 = UNCERTAINTY_MEASURE_WITH_UNIT(LENGTH_MEASURE(1.E-07),#3741,
  'distance_accuracy_value','confusion accuracy');
#3745 = CONTEXT_DEPENDENT_SHAPE_REPRESENTATION(#3746,#3748);
#3746 = ( REPRESENTATION_RELATIONSHIP('','',#3727,#3704) 
REPRESENTATION_RELATIONSHIP_WITH_TRANSFORMATION(#3747) 
SHAPE_REPRESENTATION_RELATIONSHIP() );
#3747 = ITEM_DEFINED_TRANSFORMATION('','',#11,#3705);
#3748 = PRODUCT_DEFINITION_SHAPE('Placement','Placement of an item',
  #3749);
#3749 = NEXT_ASSEMBLY_USAGE_OCCURRENCE('534','=>[0:1:1:45]','',#3699,
  #3722,$);
#3750 = PRODUCT_RELATED_PRODUCT_CATEGORY('part',$,(#3724));
#3751 = SHAPE_DEFINITION_REPRESENTATION(#3752,#3758);
#3752 = PRODUCT_DEFINITION_SHAPE('','',#3753);
#3753 = PRODUCT_DEFINITION('design','',#3754,#3757);
#3754 = PRODUCT_DEFINITION_FORMATION('','',#3755);
#3755 = PRODUCT('second_reduction_gear','second_reduction_gear','',(
    #3756));
#3756 = PRODUCT_CONTEXT('',#2,'mechanical');
#3757 = PRODUCT_DEFINITION_CONTEXT('part definition',#2,'design');
#3758 = SHAPE_REPRESENTATION('',(#11,#3759),#3763);
#3759 = AXIS2_PLACEMENT_3D('',#3760,#3761,#3762);
#3760 = CARTESIAN_POINT('',(0.,0.,0.));
#3761 = DIRECTION('',(0.,0.,1.));
#3762 = DIRECTION('',(1.,0.,0.));
#3763 = ( GEOMETRIC_REPRESENTATION_CONTEXT(3) 
GLOBAL_UNCERTAINTY_ASSIGNED_CONTEXT((#3767)) 
GLOBAL_UNIT_ASSIGNED_CONTEXT((#3764,#3765,#3766)) REPRESENTATION_CONTEXT
('Context #1','3D Context with UNIT and UNCERTAINTY') );
#3764 = ( LENGTH_UNIT() NAMED_UNIT(*) SI_UNIT(.MILLI.,.METRE.) );
#3765 = ( NAMED_UNIT(*) PLANE_ANGLE_UNIT() SI_UNIT($,.RADIAN.) );
#3766 = ( NAMED_UNIT(*) SI_UNIT($,.STERADIAN.) SOLID_ANGLE_UNIT() );
#3767 = UNCERTAINTY_MEASURE_WITH_UNIT(LENGTH_MEASURE(1.E-07),#3764,
  'distance_accuracy_value','confusion accuracy');
#3768 = CONTEXT_DEPENDENT_SHAPE_REPRESENTATION(#3769,#3771);
#3769 = ( REPRESENTATION_RELATIONSHIP('','',#3758,#10) 
REPRESENTATION_RELATIONSHIP_WITH_TRANSFORMATION(#3770) 
SHAPE_REPRESENTATION_RELATIONSHIP() );
#3770 = ITEM_DEFINED_TRANSFORMATION('','',#11,#79);
#3771 = PRODUCT_DEFINITION_SHAPE('Placement','Placement of an item',
  #3772);
#3772 = NEXT_ASSEMBLY_USAGE_OCCURRENCE('537','=>[0:1:1:46]','',#5,#3753,
  $);
#3773 = PRODUCT_RELATED_PRODUCT_CATEGORY('part',$,(#3755));
#3774 = SHAPE_DEFINITION_REPRESENTATION(#3775,#3781);
#3775 = PRODUCT_DEFINITION_SHAPE('','',#3776);
#3776 = PRODUCT_DEFINITION('design','',#3777,#3780);
#3777 = PRODUCT_DEFINITION_FORMATION('','',#3778);
#3778 = PRODUCT('SOLID','SOLID','',(#3779));
#3779 = PRODUCT_CONTEXT('',#2,'mechanical');
#3780 = PRODUCT_DEFINITION_CONTEXT('part definition',#2,'design');
#3781 = ADVANCED_BREP_SHAPE_REPRESENTATION('',(#11,#3782),#3794);
#3782 = MANIFOLD_SOLID_BREP('',#3783);
#3783 = CLOSED_SHELL('',(#3784));
#3784 = ADVANCED_FACE('',(#3785),#3789,.T.);
#3785 = FACE_BOUND('',#3786,.T.);
#3786 = VERTEX_LOOP('',#3787);
#3787 = VERTEX_POINT('',#3788);
#3788 = CARTESIAN_POINT('',(100.,30.,-2.5));
#3789 = SPHERICAL_SURFACE('',#3790,2.5);
#3790 = AXIS2_PLACEMENT_3D('',#3791,#3792,#3793);
#3791 = CARTESIAN_POINT('',(100.,30.,0.));
#3792 = DIRECTION('',(0.,0.,1.));
#3793 = DIRECTION('',(1.,0.,0.));
#3794 = ( GEOMETRIC_REPRESENTATION_CONTEXT(3) 
GLOBAL_UNCERTAINTY_ASSIGNED_CONTEXT((#3798)) 
GLOBAL_UNIT_ASSIGNED_CONTEXT((#3795,#3796,#3797)) REPRESENTATION_CONTEXT
('Context #1','3D Context with UNIT and UNCERTAINTY') );
#3795 = ( LENGTH_UNIT() NAMED_UNIT(*) SI_UNIT(.MILLI.,.METRE.) );
#3796 = ( NAMED_UNIT(*) PLANE_ANGLE_UNIT() SI_UNIT($,.RADIAN.) );
#3797 = ( NAMED_UNIT(*) SI_UNIT($,.STERADIAN.) SOLID_ANGLE_UNIT() );
#3798 = UNCERTAINTY_MEASURE_WITH_UNIT(LENGTH_MEASURE(1.E-07),#3795,
  'distance_accuracy_value','confusion accuracy');
#3799 = CONTEXT_DEPENDENT_SHAPE_REPRESENTATION(#3800,#3802);
#3800 = ( REPRESENTATION_RELATIONSHIP('','',#3781,#3758) 
REPRESENTATION_RELATIONSHIP_WITH_TRANSFORMATION(#3801) 
SHAPE_REPRESENTATION_RELATIONSHIP() );
#3801 = ITEM_DEFINED_TRANSFORMATION('','',#11,#3759);
#3802 = PRODUCT_DEFINITION_SHAPE('Placement','Placement of an item',
  #3803);
#3803 = NEXT_ASSEMBLY_USAGE_OCCURRENCE('536','=>[0:1:1:47]','',#3753,
  #3776,$);
#3804 = PRODUCT_RELATED_PRODUCT_CATEGORY('part',$,(#3778));
#3805 = SHAPE_DEFINITION_REPRESENTATION(#3806,#3812);
#3806 = PRODUCT_DEFINITION_SHAPE('','',#3807);
#3807 = PRODUCT_DEFINITION('design','',#3808,#3811);
#3808 = PRODUCT_DEFINITION_FORMATION('','',#3809);
#3809 = PRODUCT('operating_part','operating_part','',(#3810));
#3810 = PRODUCT_CONTEXT('',#2,'mechanical');
#3811 = PRODUCT_DEFINITION_CONTEXT('part definition',#2,'design');
#3812 = SHAPE_REPRESENTATION('',(#11,#3813),#3817);
#3813 = AXIS2_PLACEMENT_3D('',#3814,#3815,#3816);
#3814 = CARTESIAN_POINT('',(0.,0.,0.));
#3815 = DIRECTION('',(0.,0.,1.));
#3816 = DIRECTION('',(1.,0.,0.));
#3817 = ( GEOMETRIC_REPRESENTATION_CONTEXT(3) 
GLOBAL_UNCERTAINTY_ASSIGNED_CONTEXT((#3821)) 
GLOBAL_UNIT_ASSIGNED_CONTEXT((#3818,#3819,#3820)) REPRESENTATION_CONTEXT
('Context #1','3D Context with UNIT and UNCERTAINTY') );
#3818 = ( LENGTH_UNIT() NAMED_UNIT(*) SI_UNIT(.MILLI.,.METRE.) );
#3819 = ( NAMED_UNIT(*) PLANE_ANGLE_UNIT() SI_UNIT($,.RADIAN.) );
#3820 = ( NAMED_UNIT(*) SI_UNIT($,.STERADIAN.) SOLID_ANGLE_UNIT() );
#3821 = UNCERTAINTY_MEASURE_WITH_UNIT(LENGTH_MEASURE(1.E-07),#3818,
  'distance_accuracy_value','confusion accuracy');
#3822 = CONTEXT_DEPENDENT_SHAPE_REPRESENTATION(#3823,#3825);
#3823 = ( REPRESENTATION_RELATIONSHIP('','',#3812,#10) 
REPRESENTATION_RELATIONSHIP_WITH_TRANSFORMATION(#3824) 
SHAPE_REPRESENTATION_RELATIONSHIP() );
#3824 = ITEM_DEFINED_TRANSFORMATION('','',#11,#83);
#3825 = PRODUCT_DEFINITION_SHAPE('Placement','Placement of an item',
  #3826);
#3826 = NEXT_ASSEMBLY_USAGE_OCCURRENCE('539','=>[0:1:1:48]','',#5,#3807,
  $);
#3827 = PRODUCT_RELATED_PRODUCT_CATEGORY('part',$,(#3809));
#3828 = SHAPE_DEFINITION_REPRESENTATION(#3829,#3835);
#3829 = PRODUCT_DEFINITION_SHAPE('','',#3830);
#3830 = PRODUCT_DEFINITION('design','',#3831,#3834);
#3831 = PRODUCT_DEFINITION_FORMATION('','',#3832);
#3832 = PRODUCT('SOLID','SOLID','',(#3833));
#3833 = PRODUCT_CONTEXT('',#2,'mechanical');
#3834 = PRODUCT_DEFINITION_CONTEXT('part definition',#2,'design');
#3835 = ADVANCED_BREP_SHAPE_REPRESENTATION('',(#11,#3836),#3848);
#3836 = MANIFOLD_SOLID_BREP('',#3837);
#3837 = CLOSED_SHELL('',(#3838));
#3838 = ADVANCED_FACE('',(#3839),#3843,.T.);
#3839 = FACE_BOUND('',#3840,.T.);
#3840 = VERTEX_LOOP('',#3841);
#3841 = VERTEX_POINT('',#3842);
#3842 = CARTESIAN_POINT('',(108.,30.,-2.5));
#3843 = SPHERICAL_SURFACE('',#3844,2.5);
#3844 = AXIS2_PLACEMENT_3D('',#3845,#3846,#3847);
#3845 = CARTESIAN_POINT('',(108.,30.,0.));
#3846 = DIRECTION('',(0.,0.,1.));
#3847 = DIRECTION('',(1.,0.,0.));
#3848 = ( GEOMETRIC_REPRESENTATION_CONTEXT(3) 
GLOBAL_UNCERTAINTY_ASSIGNED_CONTEXT((#3852)) 
GLOBAL_UNIT_ASSIGNED_CONTEXT((#3849,#3850,#3851)) REPRESENTATION_CONTEXT
('Context #1','3D Context with UNIT and UNCERTAINTY') );
#3849 = ( LENGTH_UNIT() NAMED_UNIT(*) SI_UNIT(.MILLI.,.METRE.) );
#3850 = ( NAMED_UNIT(*) PLANE_ANGLE_UNIT() SI_UNIT($,.RADIAN.) );
#3851 = ( NAMED_UNIT(*) SI_UNIT($,.STERADIAN.) SOLID_ANGLE_UNIT() );
#3852 = UNCERTAINTY_MEASURE_WITH_UNIT(LENGTH_MEASURE(1.E-07),#3849,
  'distance_accuracy_value','confusion accuracy');
#3853 = CONTEXT_DEPENDENT_SHAPE_REPRESENTATION(#3854,#3856);
#3854 = ( REPRESENTATION_RELATIONSHIP('','',#3835,#3812) 
REPRESENTATION_RELATIONSHIP_WITH_TRANSFORMATION(#3855) 
SHAPE_REPRESENTATION_RELATIONSHIP() );
#3855 = ITEM_DEFINED_TRANSFORMATION('','',#11,#3813);
#3856 = PRODUCT_DEFINITION_SHAPE('Placement','Placement of an item',
  #3857);
#3857 = NEXT_ASSEMBLY_USAGE_OCCURRENCE('538','=>[0:1:1:49]','',#3807,
  #3830,$);
#3858 = PRODUCT_RELATED_PRODUCT_CATEGORY('part',$,(#3832));
ENDSEC;
END-ISO-10303-21;
